ref,categorie,title,price,Expense,tags,description 1,description 2,description 3,description 4,description 5,description 6,description 7,image
 B4084600,rings,Love ring,1650.0,1650.0,yellow gold,Love ring, 18K yellow gold. Width: 5.5mm.,,,,,,/content/dam/rcq/car/58/71/74/587174.png
 B4084900,rings,Love ring,3650.0,3650.0,platinum,Love ring, 950/1000 platinum. Width: 5.5mm.,,,,,,/content/dam/rcq/car/19/43/98/1/1943981.png
 B4084800,rings,Love ring,1650.0,1650.0,pink gold,Love ring, 18K rose gold. Width: 5.5mm.,,,,,,/content/dam/rcq/car/10/28/64/0/1028640.png
 B4084700,rings,Love ring,1770.0,1770.0,white gold,Love ring, 18K white gold. Width: 5.5mm.,,,,,,/content/dam/rcq/car/10/28/63/6/1028636.png
 B4085000,rings,Love wedding band,1070.0,1070.0,yellow gold,Love wedding band, 18K yellow gold. Width: 3.6mm.,,,,,,/content/dam/rcq/car/59/18/04/591804.png
 B4085200,rings,Love wedding band,1070.0,1070.0,pink gold,Love wedding band, 18K rose gold. Width: 3.6mm.,,,,,,/content/dam/rcq/car/58/73/14/587314.png
 B4085100,rings,Love wedding band,1140.0,1140.0,white gold,Love wedding band, 18K white gold. Width: 3.6mm.,,,,,,/content/dam/rcq/car/59/22/21/592221.png
 B4085300,rings,Love wedding band,2380.0,2380.0,platinum,Love wedding band, 950/1000 platinum. Width: 3.6mm.,,,,,,/content/dam/rcq/car/62/40/10/624010.png
 B4032400,rings,"Love ring, 3 diamonds",3500.0,3500.0,"yellow gold, diamonds",Love ring, 18K yellow gold, set with 3 brilliant-cut diamonds totaling 0.22 carats. Width: 5.5mm.,,,,,/content/dam/rcq/car/58/47/16/584716.png
 B4087500,rings,"Love ring, 3 diamonds",3500.0,3500.0,"pink gold, diamonds",Love ring, 18K rose gold, set with 3 brilliant-cut diamonds totaling 0.22 carats. Width: 5.5mm.,,,,,/content/dam/rcq/car/58/39/70/583970.png
 B4032500,rings,"Love ring, 3 diamonds",3750.0,3750.0,"white gold, diamonds",Love ring, 18K white gold, set with 3 brilliant-cut diamonds totaling 0.22 carats. Width: 5.5mm.,,,,,/content/dam/rcq/car/58/36/97/583697.png
 B4056100,rings,"Love wedding band, 1 diamond",2020.0,2020.0,"yellow gold, diamond",Love wedding band, 18K yellow gold, set with 1 brilliant-cut diamonds totaling 0.02 carats. Width: 4mm.,,,,,/content/dam/rcq/car/63/23/97/632397.png
 B4050700,rings,"Love wedding band, 1 diamond",2020.0,2020.0,"pink gold, diamond",Love wedding band, 18K rose gold, set with 1 brilliant-cut diamonds totaling 0.02 carats. Width: 4mm.,,,,,/content/dam/rcq/car/59/04/56/590456.png
 B4050500,rings,"Love wedding band, 1 diamond",2160.0,2160.0,"white gold, diamond",Love wedding band, 18K white gold, set with 1 brilliant-cut diamond totaling 0.02 carats. Width: 4mm.,,,,,/content/dam/rcq/car/58/35/46/583546.png
 B4097500,rings,Love ring,5250.0,5250.0,"pink gold, diamonds",Love ring, 18K pink gold, set with 6 brilliant-cut diamonds totaling 0.46 carat. Width 5.5 mm.,,,,,/content/dam/rcq/car/96/38/85/963885.png
 B4056200,rings,"Love wedding band, 8 diamonds",3550.0,3550.0,"yellow gold, diamonds",Love wedding band, 18K yellow gold, set with 8 brilliant-cut diamonds totaling 0.19 carats. Width: 4mm.,,,,,/content/dam/rcq/car/63/24/04/632404.png
 B4050800,rings,"Love wedding band, 8 diamonds",3550.0,3550.0,"pink gold, diamonds",Love wedding band, 18K rose gold, set with 8 brilliant-cut diamonds totaling 0.19 carats. Width: 4mm.,,,,,/content/dam/rcq/car/63/24/01/632401.png
 B4050600,rings,"Love wedding band, 8 diamonds",3800.0,3800.0,"white gold, diamonds",Love wedding band, 18K white gold, set with 8 brilliant-cut diamond totaling 0.19 carats. Width: 4mm.,,,,,/content/dam/rcq/car/58/38/22/583822.png
 B4218000,rings,"Love ring, SM",4500.0,4500.0,"yellow gold, diamonds",Love ring, small model, 18K yellow gold, set with 72 brilliant-cut diamonds totaling 0.19 carats. Width: 2.6mm.,,,,/content/dam/rcq/car/10/57/33/0/1057330.png
 B4218100,rings,"Love ring, SM",4500.0,4500.0,"pink gold, diamonds",Love ring, small model, 18K pink gold, set with 72 brilliant-cut diamonds totaling 0.19 carats. Width: 2.6mm.,,,,/content/dam/rcq/car/10/57/33/2/1057332.png
 B4218200,rings,"Love ring, SM",4800.0,4800.0,"white gold, diamonds",Love ring, small model, 18K white gold, set with 72 brilliant-cut diamonds totaling 0.19 carats. Width: 2.6mm.,,,,/content/dam/rcq/car/10/57/33/4/1057334.png
 B4083300,rings,"Love wedding band, diamond-paved",6650.0,6650.0,"yellow gold, diamonds",Love wedding band, 18K yellow gold, set with 88 brilliant-cut diamonds totaling 0.31 carats. 4mm to 5mm width following metrics.,,,,,/content/dam/rcq/car/63/23/98/632398.png
 B4085800,rings,"Love wedding band, diamond-paved",6650.0,6650.0,"pink gold, diamonds",Love wedding band, 18K rose gold, set with 88 brilliant-cut diamonds totaling 0.31 carats. 4 to 5 width following sizes.,,,,,/content/dam/rcq/car/63/24/07/632407.png
 B4083400,rings,"Love wedding band, diamond-paved",7100.0,7100.0,"white gold, diamonds",Love wedding band, 18K white gold, set with 88 brilliant-cut diamond totaling 0.31 carats. 4mm to 5mm width following sizes.,,,,,/content/dam/rcq/car/63/24/06/632406.png
 B4087600,rings,"Love ring, diamond-paved",8800.0,8800.0,"pink gold, diamonds",Love ring, 18K pink gold, set with 66 brilliant-cut diamonds totaling 0.70 carat. Width: 6.5 mm.,,,,,/content/dam/rcq/car/58/62/96/586296.png
 B4064400,rings,"Love ring, pink sapphires",2380.0,2380.0,"pink gold, sapphire",Love ring, 18K rose gold, set with 1 rose sapphire. Width: 5.5mm.,,,,,/content/dam/rcq/car/63/24/00/632400.png
 B4087800,rings,Love ring,2760.0,2760.0,"pink gold, sapphires, garnets, amethyst",Love ring, 18K rose gold, set with 1 rose sapphire, 1 blue sapphire, 1 yellow sapphire, 1 green garnet, 1 orange garnet and 1 amethyst. Width: 5.5mm.,/content/dam/rcq/car/63/24/02/632402.png
 B4227800,rings,Love ring,3250.0,3250.0,yellow gold,Love ring, 18K yellow gold.,,,,,,/content/dam/rcq/car/19/21/91/4/1921914.png
 B4227900,rings,Love ring,3500.0,3500.0,white gold,Love ring, 18K white gold.,,,,,,/content/dam/rcq/car/16/48/33/4/1648334.png
 B4094300,rings,"Love ring, 6 diamonds",3500.0,3500.0,"pink gold, white gold, diamonds",Love ring, 18K rose gold, 18K white gold, set with 6 brilliant-cut diamonds totaling 0.07 carats. White gold width 2.6mm. Rose gold width 3.5mm.,,,,/content/dam/rcq/car/19/43/99/1/1943991.png
 B4094600,rings,"Love ring, diamond-paved",6450.0,6450.0,"pink gold, white gold, diamonds",Love ring, 18K rose gold, 18K white gold, set with 52 brilliant-cut diamonds totaling 0.19 carats. White gold width 2.6mm. Rose gold width 3.5mm.,,,,/content/dam/rcq/car/19/43/99/2/1943992.png
 B4221600,rings,Panthère de Cartier ring,7550.0,7550.0,"yellow gold, tsavorite garnets, onyx",Panthère de Cartier ring, 18K yellow gold, onyx, black lacquer, set with 2 tsavorite garnets.,,,/content/dam/rcq/car/16/49/50/5/1649505.png
 B4230000,rings,Panthère de Cartier ring,3150.0,3150.0,"pink gold, tsavorite garnets, onyx",Panthère de Cartier ring, 18K pink gold, onyx, set with 2 tsavorite garnets.,,,,/content/dam/rcq/car/18/11/85/2/1811852.png
 B4230100,rings,Panthère de Cartier ring,3150.0,3150.0,"yellow gold, tsavorite garnets, onyx",Panthère de Cartier ring, 18K yellow gold, onyx, set with 2 tsavorite garnets.,,,,/content/dam/rcq/car/18/11/85/1/1811851.png
 B4085900,rings,Panthère de Cartier ring,6000.0,6000.0,"yellow gold, onyx, tsavorite garnet",Panthère de Cartier ring, 18K yellow gold. Tsavorite garnets, onyx.,,,,,/content/dam/rcq/car/58/62/99/586299.png
 B4215900,rings,Panthère de Cartier ring,6000.0,6000.0,"pink gold, tsavorite garnets, onyx",Panthère de Cartier ring, 18K pink gold, tsavorite garnets, onyx.,,,,/content/dam/rcq/car/10/22/49/4/1022494.png
 B4230800,rings,Panthère de Cartier ring,6100.0,6100.0,"yellow gold, tsavorite garnets, onyx",Panthère de Cartier ring, 18K yellow gold, onyx, black lacquer, set with 2 tsavorite garnets.,,,/content/dam/rcq/car/18/11/85/3/1811853.png
 B4099500,rings,Panthère de Cartier ring,6450.0,6450.0,"white gold, tsavorite garnets, onyx",Panthère de Cartier ring, 18K white gold, tsavorite garnets, onyx.,,,,/content/dam/rcq/car/58/42/06/584206.png
 B4096700,rings,Panthère de Cartier ring,7550.0,7550.0,"yellow gold, lacquer, diamonds, tsavorite garnet",Panthère de Cartier ring, 18K yellow gold, black lacquer, set with 5 brilliant-cut diamonds totaling 0.02 carat. Tsavorite garnet.,,,,/content/dam/rcq/car/62/08/05/620805.png
 B4221400,rings,Panthère de Cartier ring,7550.0,7550.0,"pink gold, tsavorite garnets, onyx, black lacquer, diamonds",Panthère de Cartier ring, 18K pink gold, set with 5 brilliant-cut diamonds totaling 0.02 carats. Tsavorite garnets, onyx, black lacquer.,,,/content/dam/rcq/car/14/65/62/0/1465620.png
 B4221700,rings,Panthère de Cartier ring,7550.0,7550.0,"pink gold, tsavorite garnets, onyx",Panthère de Cartier ring, 18K pink gold, onyx, black lacquer, set with 2 tsavorite garnets.,,,/content/dam/rcq/car/16/49/50/6/1649506.png
 N4765700,rings,Panthère de Cartier ring,9850.0,9850.0,"pink gold, onyx, emeralds, diamonds",Panthère de Cartier ring, 18K pink gold, onyx, set with 2 emeralds and 72 brilliant-cut diamonds totaling 0.68 carat.,,,,/content/dam/rcq/car/18/11/85/7/1811857.png
 N4765800,rings,Panthère de Cartier ring,9850.0,9850.0,"yellow gold, emeralds, onyx, diamonds",Panthère de Cartier ring, 18K yellow gold, onyx, set with 2 emeralds and 72 brilliant-cut diamonds totaling 0.68 carat.,,,,/content/dam/rcq/car/18/11/85/8/1811858.png
 B4083200,rings,Caresse d’Orchidées par Cartier ring,4000.0,4000.0,"pink gold, diamonds",Caresse d'Orchidées par Cartier ring, 18K pink gold, set with 2 brilliant-cut diamonds totaling 0.03 carat.,,,,,/content/dam/rcq/car/15/08/65/9/1508659.png
 B4220100,rings,Cactus de Cartier wedding band,3500.0,3500.0,"yellow gold, diamonds",Cactus de Cartier wedding band, 18K yellow gold, set with 15 brilliant-cut diamonds totaling 0.32 carats.,,,,,/content/dam/rcq/car/14/37/76/7/1437767.png
 B4220300,rings,Cactus de Cartier wedding band,3500.0,3500.0,"pink gold, diamonds",Cactus de Cartier wedding band, 18K pink gold, set with 15 brilliant-cut diamonds totaling 0.3 carats.,,,,,/content/dam/rcq/car/14/37/77/1/1437771.png
 B4220200,rings,Cactus de Cartier wedding band,3750.0,3750.0,"white gold, diamonds",Cactus de Cartier wedding band, 18K white gold, set with 15 brilliant-cut diamonds totaling 0.32 carats.,,,,,/content/dam/rcq/car/14/37/76/9/1437769.png
 B4224500,rings,Cactus de Cartier ring,4350.0,4350.0,"pink gold, diamond",Cactus de Cartier ring, 18K pink gold, set with 1 brilliant-cut diamond totaling 0.018 carats.,,,,,/content/dam/rcq/car/14/69/51/1/1469511.png
 B4221500,rings,Cactus de Cartier ring,5700.0,5700.0,"pink gold, diamond",Cactus de Cartier ring, 18K pink gold, set with 1 brilliant-cut diamond totaling 0.018 carats.,,,,,/content/dam/rcq/car/14/69/28/7/1469287.png
 B4052700,rings,"Trinity ring, classic",1340.0,1340.0,"white gold, yellow gold, pink gold",Trinity ring, medium model, 18K white gold, 18K rose gold, 18K yellow gold. Width: 3.53mm.,,,/content/dam/rcq/car/58/99/65/589965.png
 B4209900,rings,Trinity wedding band,920.0,920.0,"white gold, pink gold, yellow gold",Trinity wedding band, width 2.5 mm, 18K pink gold, 18K white gold, 18K yellow gold.,,,/content/dam/rcq/car/73/93/14/739314.png
 B4086100,rings,"Trinity ring, small model",970.0,970.0,"white gold, yellow gold, pink gold",Trinity ring, small model, 18K white gold, 18K rose gold, 18K yellow gold. Width: 2.8mm.,,,/content/dam/rcq/car/59/22/77/592277.png
 B4095600,rings,"Trinity ring, classic ceramic",1260.0,1260.0,"white gold, ceramic",Trinity, medium model ring, 18K white gold, black ceramic. TTO ring width and 3.5mm ceramic ring,,,,/content/dam/rcq/car/56/73/40/567340.png
 B4052200,rings,Trinity wedding band,1290.0,1290.0,"white gold, yellow gold, pink gold",Trinity wedding band, width 3.5 mm, 18K pink gold, 18K white gold, 18K yellow gold.,,,/content/dam/rcq/car/75/05/08/750508.png
 B4052100,rings,Trinity wedding band,1770.0,1770.0,"white gold, yellow gold, pink gold",Trinity wedding band, width 4.8 mm, 18K pink gold, 18K white gold, 18K yellow gold.,,,/content/dam/rcq/car/75/52/67/755267.png
 B4222500,rings,Trinity wedding band,1890.0,1890.0,white gold,Trinity de Cartier wedding band, width 4.8 mm, 18K white gold.,,,,,/content/dam/rcq/car/14/37/81/3/1437813.png
 B4088500,rings,Trinity ring,2320.0,2320.0,"white gold, yellow gold, pink gold, diamonds",Trinity ring, medium model, 18K white gold, 18K rose gold, 18K yellow gold, set with 5 brilliant-cut diamonds totaling 0.04 carats. Width: 3.5mm.,,/content/dam/rcq/car/58/57/15/585715.png
 B4052800,rings,"Trinity ring, LM",2390.0,2390.0,"white gold, yellow gold, pink gold",Trinity ring, large model, 18K white gold, 18K rose gold, 18K yellow gold. Width: 5.2mm.,,,/content/dam/rcq/car/58/62/83/586283.png
 B4038800,rings,Trinity ring,3850.0,3850.0,"white gold, yellow gold, pink gold, diamonds",Trinity ring, medium model, 18K white gold, 18K rose gold, 18K yellow gold, set with 15 brilliant-cut diamonds totaling 0.18 carats. Width: 4mm.,,/content/dam/rcq/car/11/69/13/6/1169136.png
 B4052900,rings,Trinity wedding band,3950.0,3950.0,"white gold, yellow gold, pink gold, diamonds",Trinity wedding band, width 3.5 mm, 18K pink gold, 18K white gold, 18K yellow gold, set with 53 brilliant-cut diamonds totaling 0.23 carat.,,/content/dam/rcq/car/59/25/66/592566.png
 B4099300,rings,Trinity Ruban wedding band,4350.0,4350.0,"platinum, diamond",Trinity Ruban wedding band, 1 row, 950‰ platinum, set with 23 brilliant-cut diamonds totaling 0.22 carat. Width: 2.0 mm.,,,,/content/dam/rcq/car/59/31/78/593178.png
 B4095500,rings,"Trinity ring, ceramic, SM",6300.0,6300.0,"white gold, ceramic, diamonds",Trinity ring, small model, 18K white gold, black ceramic, set with 100 brilliant-cut diamonds totaling 0.45 carats. Width of the 3 rings 2.9mm.,,,/content/dam/rcq/car/59/16/02/591602.png
 B4086000,rings,"Trinity ring, small model",6450.0,6450.0,"white gold, yellow gold, pink gold, diamonds",Trinity ring, small model, 18K white gold, 18K pink gold, 18K yellow gold, set with 102 brilliant-cut diamonds totaling 0.46 carat. All-gold ring width: 2.8 mm. Paved ring width: 2.9 mm.,,/content/dam/rcq/car/58/51/01/585101.png
 B4099400,rings,Trinity Ruban wedding band,7050.0,7050.0,"platinum, diamond",Trinity Ruban wedding band, 2 rows, 950‰ platinum, set with 49 brilliant-cut diamonds totaling 0.49 carats. Width: 2.5 mm.,,,,/content/dam/rcq/car/56/25/33/562533.png
 B4002300,rings,1895 wedding band,690.0,690.0,yellow gold,1895 wedding band, width 2.5 mm, 18K yellow gold.,,,,,/content/dam/rcq/car/92/55/42/925542.png
 B4088100,rings,1895 wedding band,690.0,690.0,pink gold,1895 wedding band, width 2.5 mm, 18K pink gold.,,,,,/content/dam/rcq/car/92/55/78/925578.png
 B4057600,rings,1895 wedding band,810.0,810.0,"yellow gold, diamond",1895 wedding band, width 2.6 mm, 18K yellow gold, set with a brilliant-cut diamond of 0.01 carat.,,,,/content/dam/rcq/car/92/55/60/925560.png
 B4088200,rings,1895 wedding band,810.0,810.0,"pink gold, diamond",1895 wedding band, width 2.6 mm, 18K pink gold, set with a brilliant-cut diamond of 0.01 carat.,,,,/content/dam/rcq/car/92/55/79/925579.png
 B4078000,rings,1895 wedding band,890.0,890.0,platinum,1895 wedding band, width 2 mm, platinum 950‰.,,,,,/content/dam/rcq/car/98/46/51/984651.png
 B4031200,rings,1895 wedding band,970.0,970.0,yellow gold,1895 wedding band, width 3.5 mm, 18K yellow gold.,,,,,/content/dam/rcq/car/92/55/50/925550.png
 B4096600,rings,1895 wedding band,970.0,970.0,pink gold,1895 wedding band, width 3.5 mm, 18K pink gold.,,,,,/content/dam/rcq/car/92/55/80/925580.png
 B4012500,rings,1895 wedding band,1110.0,1110.0,platinum,1895 wedding band, width 2.5 mm, platinum 950‰.,,,,,/content/dam/rcq/car/92/55/44/925544.png
 B4031300,rings,1895 wedding band,1110.0,1110.0,yellow gold,1895 wedding band, width 4 mm, 18K yellow gold.,,,,,/content/dam/rcq/car/98/46/49/984649.png
 B4057700,rings,1895 wedding band,1300.0,1300.0,"platinum, diamond",1895 wedding band, width 2.6 mm, platinum 950‰, set with a brilliant-cut diamond of 0.01 carat.,,,,/content/dam/rcq/car/92/55/61/925561.png
 B4059600,rings,1895 wedding band,1380.0,1380.0,yellow gold,1895 wedding band, width 5 mm, 18K yellow gold.,,,,,/content/dam/rcq/car/92/55/64/925564.png
 B4036700,rings,1895 wedding band,1550.0,1550.0,platinum,1895 wedding band, width 3.5 mm, platinum 950‰.,,,,,/content/dam/rcq/car/92/55/51/925551.png
 B4058300,rings,1895 wedding band,1580.0,1580.0,"platinum, diamonds",1895 wedding band, width 2.6 mm, platinum 950‰, set with 3 brilliant-cut diamonds totaling 0.03 carat.,,,,/content/dam/rcq/car/92/55/62/925562.png
 B4036800,rings,1895 wedding band,1770.0,1770.0,platinum,1895 wedding band, width 4 mm, platinum 950‰.,,,,,/content/dam/rcq/car/98/46/50/984650.png
 B4071800,rings,1895 wedding band,2130.0,2130.0,"platinum, diamond",1895 wedding band, width 3.5 mm, platinum 950‰, set with a brilliant-cut diamond of 0.04 carat.,,,,/content/dam/rcq/car/92/55/67/925567.png
 B4059500,rings,1895 wedding band,2210.0,2210.0,platinum,1895 wedding band, width 5 mm, platinum 950‰.,,,,,/content/dam/rcq/car/92/55/63/925563.png
 B4071400,rings,1895 wedding band,4200.0,4200.0,"platinum, diamonds",1895 wedding band, width 2.6 mm, platinum 950‰, set with 19 brilliant-cut diamonds totaling 0.27 carat.,,,,/content/dam/rcq/car/58/94/79/589479.png
 B4077900,rings,Étincelle de Cartier wedding band,4850.0,4850.0,"white gold, diamonds",Étincelle de Cartier wedding band, 18K white gold, set with 38 brilliant-cut diamonds totaling 0.47 carats. Width: 2 mm.,,,,,/content/dam/rcq/car/92/55/71/925571.png
 B4093700,rings,Cartier d'Amour wedding band,760.0,760.0,pink gold,Cartier d'Amour wedding band, 18K pink gold. Width: 2.5 mm,,,,,,/content/dam/rcq/car/58/71/86/587186.png
 B4094000,rings,Cartier d'Amour wedding band,880.0,880.0,platinum,Cartier d'Amour wedding band, platinum 950‰. Width: 1.8 mm,,,,,,/content/dam/rcq/car/10/61/47/8/1061478.png
 B4087200,rings,C de Cartier wedding band,1040.0,1040.0,pink gold,C de Cartier wedding band, width 3 mm, 18K pink gold.,,,,,/content/dam/rcq/car/92/55/77/925577.png
 B4232500,rings,C de Cartier wedding band,1040.0,1040.0,pink gold,C de Cartier wedding band, width 3 mm, 18K pink gold.,,,,,/content/dam/rcq/car/18/12/48/3/1812483.png
 B4093900,rings,Cartier d'Amour wedding band,1220.0,1220.0,platinum,Cartier d'Amour wedding band, platinum 950‰. Width 2.5 mm,,,,,,/content/dam/rcq/car/59/25/64/592564.png
 B4071900,rings,Ballerine wedding band,1330.0,1330.0,platinum,Ballerine wedding band, width 2.1 mm, platinum 950‰.,,,,,/content/dam/rcq/car/92/55/68/925568.png
 B4086400,rings,C de Cartier wedding band,1330.0,1330.0,"pink gold, diamond",C de Cartier wedding band, width 3 mm, 18K pink gold, set with a brilliant-cut diamond of 0.03 carat.,,,,/content/dam/rcq/car/92/55/73/925573.png
 B4232300,rings,C de Cartier wedding band,1330.0,1330.0,"pink gold, diamond",C de Cartier wedding band, 18K pink gold, set with a brilliant-cut diamond of 0.02 carats. Width: 3 mm.,,,,,/content/dam/rcq/car/18/12/57/5/1812575.png
 B4051100,rings,Logo de Cartier wedding band,1380.0,1380.0,pink gold,Logo de Cartier ring, 18K pink gold.,,,,,,/content/dam/rcq/car/58/78/79/587879.png
 B4098000,rings,C de Cartier wedding band,1380.0,1380.0,pink gold,C de Cartier wedding band, width 4 mm, 18K pink gold.,,,,,/content/dam/rcq/car/59/23/61/592361.png
 B4092800,rings,Ballerine wedding band,1460.0,1460.0,platinum,Ballerine curved wedding band, width 2 mm, platinum 950‰.,,,,,/content/dam/rcq/car/58/69/70/586970.png
 B4050900,rings,Logo de Cartier wedding band,1480.0,1480.0,white gold,Logo de Cartier ring, 18K white gold.,,,,,,/content/dam/rcq/car/58/39/71/583971.png
 B4077700,rings,Ballerine wedding band,1540.0,1540.0,"platinum, diamond",Ballerine wedding band, width 2.1 mm, platinum 950‰, set with a brilliant-cut diamond of 0.01 carat.,,,,/content/dam/rcq/car/92/55/69/925569.png
 B4232400,rings,C de Cartier wedding band,1650.0,1650.0,platinum,C de Cartier wedding band, width 3 mm, platinum 950‰.,,,,,/content/dam/rcq/car/18/12/48/2/1812482.png
 B4054000,rings,C de Cartier wedding band,1660.0,1660.0,platinum,C de Cartier wedding band, width 3 mm, platinum 950‰.,,,,,/content/dam/rcq/car/92/55/59/925559.png
 B4210700,rings,C de Cartier wedding band,1680.0,1680.0,"pink gold, diamond",C de Cartier wedding band, width 4 mm, 18K pink gold, set with a brilliant-cut diamond of 0.03 carats.,,,,/content/dam/rcq/car/73/67/26/736726.png
 B4092900,rings,Ballerine wedding band,1720.0,1720.0,"platinum, diamonds",Ballerine curved wedding band, width 2 mm, platinum 950‰, set with 3 brilliant-cut diamonds totaling 0.01 carats.,,,,/content/dam/rcq/car/58/79/94/587994.png
 B4051300,rings,C de Cartier wedding band,2130.0,2130.0,"platinum, diamond",C de Cartier wedding band, width 3 mm, platinum 950‰, set with a brilliant-cut diamond of 0.03 carat.,,,,/content/dam/rcq/car/92/55/58/925558.png
 B4232200,rings,C de Cartier wedding band,2130.0,2130.0,"platinum, diamond",C de Cartier wedding band, 950‰ platinum, set with a brilliant-cut diamond of 0.02 carats. Width: 3 mm.,,,,,/content/dam/rcq/car/18/12/57/4/1812574.png
 B4098100,rings,C de Cartier wedding band,2210.0,2210.0,platinum,C de Cartier wedding band, width 4 mm, platinum 950‰.,,,,,/content/dam/rcq/car/58/79/63/587963.png
 B4210500,rings,Étincelle de Cartier wedding band,2410.0,2410.0,"pink gold, diamonds",Étincelle de Cartier wedding band, 18K pink gold, set with 49 brilliant-cut diamonds totaling 0.22 carats. 1.52 mm wide. Also available as a midi ring.,,,,,/content/dam/rcq/car/72/01/75/720175.png
 B4212000,rings,Étincelle de Cartier wedding band,2410.0,2410.0,"yellow gold, diamonds",Étincelle de Cartier wedding band, 18K yellow gold, set with 49 brilliant-cut diamonds totaling 0.22 carats. 1.52 mm wide. Also available as a midi ring.,,,,,/content/dam/rcq/car/90/25/83/902583.png
 B4224200,rings,Cartier d'Amour wedding band,2430.0,2430.0,platinum,Cartier d'Amour wedding band, width 5 mm, 950‰ platinum.,,,,,/content/dam/rcq/car/14/37/81/4/1437814.png
 B4210400,rings,Étincelle de Cartier wedding band,2580.0,2580.0,"white gold, diamonds",Étincelle de Cartier wedding band, 18K white gold, set with 49 brilliant-cut diamonds totaling 0.22 carats. 1.52 mm wide. Also available as a midi ring.,,,,,/content/dam/rcq/car/67/72/85/677285.png
 B4077800,rings,C de Cartier wedding band,2610.0,2610.0,"platinum, diamonds",C de Cartier wedding band, width 3 mm, platinum 950‰, set with 2 brilliant-cut diamonds totaling 0.07 carat.,,,,/content/dam/rcq/car/92/55/70/925570.png
 B4093000,rings,Ballerine wedding band,2680.0,2680.0,"platinum, diamonds",Ballerine curved wedding band, width 2 mm, platinum 950‰, set with 27 brilliant-cut diamonds totaling 0.09 carats.,,,,/content/dam/rcq/car/58/80/25/588025.png
 B4098200,rings,C de Cartier wedding band,2680.0,2680.0,"platinum, diamond",C de Cartier wedding band, width 4 mm, platinum 950‰, set with a brilliant-cut diamond of 0.03 carats.,,,,/content/dam/rcq/car/58/79/32/587932.png
 B4210100,rings,C de Cartier wedding band,2760.0,2760.0,platinum,C de Cartier wedding band, width 5 mm, 950‰ platinum.,,,,,/content/dam/rcq/car/73/93/15/739315.png
 B4224300,rings,Cartier d'Amour wedding band,2910.0,2910.0,platinum,Cartier d'Amour wedding band, width 6 mm, 950‰ platinum.,,,,,/content/dam/rcq/car/14/37/81/5/1437815.png
 B4216700,rings,Etincelle de Cartier ring,2990.0,2990.0,"pink gold, diamonds",Étincelle de Cartier ring, 18K pink gold, set with an emerald-cut diamond center stone of 0.18 carat and 22 brilliant-cut diamonds totaling 0.10 carat.,,,,,/content/dam/rcq/car/10/54/13/2/1054132.png
 B4230400,rings,Etincelle de Cartier ring,2990.0,2990.0,"pink gold, diamonds",Étincelle de Cartier ring, 18K pink gold, set with an emerald-cut diamond center stone of 0.16 carat and 22 brilliant-cut diamonds totaling 0.10 carat.,,,,,/content/dam/rcq/car/20/13/55/9/2013559.png
 B4232900,rings,Etincelle de Cartier ring,2990.0,2990.0,"yellow gold, diamonds",Étincelle de Cartier ring, 18K yellow gold, set with a princess-cut diamond center stone of 0.16 carats, and set with brilliant-cut pavé diamonds.,,,,/content/dam/rcq/car/20/13/56/4/2013564.png
 B4221800,rings,Étincelle de Cartier wedding band,3200.0,3200.0,"pink gold, diamonds",Etincelle de Cartier wedding band, 18K pink gold, set with 22 brilliant-cut diamonds totaling 0.27 carat. Width 2.0 mm.,,,,,/content/dam/rcq/car/17/07/89/3/1707893.png
 B4225700,rings,Etincelle de Cartier ring,3200.0,3200.0,"white gold, diamonds",Étincelle de Cartier ring, 18K white gold, set with an emerald-cut diamond center stone of 0.18 carat and 22 brilliant-cut diamonds totaling 0.10 carat.,,,,,/content/dam/rcq/car/19/68/05/5/1968055.png
 B4210200,rings,C de Cartier wedding band,3350.0,3350.0,"platinum, diamond",C de Cartier wedding band, width 5 mm, 950‰ platinum, set with a brilliant-cut diamond of 0.04 carats.,,,,/content/dam/rcq/car/73/93/16/739316.png
 B4221900,rings,Étincelle de Cartier wedding band,3500.0,3500.0,"platinum, diamonds",Etincelle de Cartier wedding band, 950‰ platinum, set with 22 brilliant-cut diamonds totaling 0.27 carat. Width 2.00 mm.,,,,,/content/dam/rcq/car/17/07/89/5/1707895.png
 B4232000,rings,Étincelle de Cartier wedding band,4400.0,4400.0,"platinum, sapphires, diamonds",Étincelle de Cartier wedding band, 950‰ platinum, set with 19 brilliant-cut diamonds totaling 0.24 carat and 19 brilliant-cut sapphires totaling 0.34 carat. Width: 2 mm.,,,,,/content/dam/rcq/car/19/42/51/9/1942519.png
 B4223200,rings,Etincelle de Cartier ring,4500.0,4500.0,"white gold, diamonds",Etincelle de Cartier ring, 18K white gold, set with 26 brilliant-cut diamonds totaling 0.36 carats.,,,,,/content/dam/rcq/car/15/23/21/2/1523212.png
 B4086300,rings,Étincelle de Cartier wedding band,4550.0,4550.0,"yellow gold, diamonds",Étincelle de Cartier wedding band, 18K yellow gold, set with 38 brilliant-cut diamonds totaling 0.47 carats. Width: 2 mm.,,,,,/content/dam/rcq/car/92/55/72/925572.png
 B4086500,rings,Étincelle de Cartier wedding band,4550.0,4550.0,"pink gold, diamonds",Étincelle de Cartier wedding band, 18K pink gold, set with 38 brilliant-cut diamonds totaling 0.47 carats. Width: 2 mm.,,,,,/content/dam/rcq/car/92/55/74/925574.png
 B4225000,rings,Etincelle de Cartier ring,5000.0,5000.0,"pink gold, diamonds",Etincelle de Cartier ring, 18K pink gold, set with 25 brilliant-cut diamonds totaling 0.48 carats.,,,,,/content/dam/rcq/car/14/66/15/0/1466150.png
 B4072000,rings,Ballerine wedding band,5050.0,5050.0,"platinum, diamonds",Ballerine wedding band, width 2.4 mm, platinum 950‰, set with 39 brilliant-cut diamonds totaling 0.38 carat.,,,,/content/dam/rcq/car/58/62/65/586265.png
 B4224900,rings,Etincelle de Cartier ring,5350.0,5350.0,"white gold, diamonds",Etincelle de Cartier ring, 18K white gold, set with 25 brilliant-cut diamonds totaling 0.48 carats.,,,,,/content/dam/rcq/car/14/66/14/9/1466149.png
 B4216400,rings,Étincelle de Cartier wedding band,5450.0,5450.0,"pink gold, diamonds",Etincelle de Cartier wedding band, 18K pink gold, set with 16 brilliant-cut diamonds totaling 0.51 carat. Width 2.6 mm.,,,,,/content/dam/rcq/car/17/07/88/7/1707887.png
 B4216300,rings,Étincelle de Cartier wedding band,5950.0,5950.0,"platinum, diamonds",Etincelle de Cartier wedding band, 950‰ platinum, set with 16 brilliant-cut diamonds totaling 0.51 carat. Width 2.6 mm.,,,,,/content/dam/rcq/car/17/07/88/5/1707885.png
 B4095700,rings,Etincelle de Cartier ring,6100.0,6100.0,"pink gold, diamonds",Etincelle de Cartier ring, 18K pink gold, set with 17 brilliant-cut diamonds totaling 0.48 carats.,,,,,/content/dam/rcq/car/57/38/22/573822.png
 B4095800,rings,Etincelle de Cartier ring,6550.0,6550.0,"white gold, diamonds",Étincelle de Cartier ring, 18K white gold, set with 17 brilliant-cut diamonds totaling 0.49 carat.,,,,,/content/dam/rcq/car/57/38/21/573821.png
 B4223000,rings,Etincelle de Cartier ring,6650.0,6650.0,"pink gold, diamonds",Etincelle de Cartier ring, 18K pink gold, set with 46 brilliant-cut diamonds totaling 0.63 carats.,,,,,/content/dam/rcq/car/14/62/30/2/1462302.png
 B4223100,rings,Etincelle de Cartier ring,7100.0,7100.0,"white gold, diamonds",Etincelle de Cartier ring, 18K white gold, set with 46 brilliant-cut diamonds totaling 0.63 carats.,,,,,/content/dam/rcq/car/14/62/30/3/1462303.png
 B4220500,rings,"Étincelle de Cartier ring, small model",7650.0,7650.0,"yellow gold, diamonds",Étincelle de Cartier ring, small model, 18K yellow gold, set with 55 brilliant-cut diamonds totaling 1.00 carat.,,,,/content/dam/rcq/car/14/72/27/2/1472272.png
 B4220600,rings,"Étincelle de Cartier ring, small model",7650.0,7650.0,"pink gold, diamonds",Étincelle de Cartier ring, small model, 18K pink gold, set with 55 brilliant-cut diamonds totaling 1.00 carat.,,,,/content/dam/rcq/car/14/72/27/3/1472273.png
 B4232100,rings,Étincelle de Cartier wedding band,7700.0,7700.0,"platinum, sapphires, diamonds",Étincelle de Cartier wedding band, 950‰ platinum, set with 14 brilliant-cut diamonds totaling 0.45 carats and 14 brilliant-cut sapphires totaling 0.63 carats. Width 2.6 mm.,,,,,/content/dam/rcq/car/19/42/52/0/1942520.png
 B4087000,rings,Étincelle de Cartier wedding band,7800.0,7800.0,"yellow gold, diamonds",Étincelle de Cartier wedding band, 18K yellow gold, set with 29 brilliant-cut diamonds totaling 0.94 carats. Width: 2.6 mm.,,,,,/content/dam/rcq/car/92/55/75/925575.png
 B4210600,rings,Étincelle de Cartier wedding band,7800.0,7800.0,"pink gold, diamonds",Étincelle de Cartier wedding band, 18K pink gold, set with 29 brilliant-cut diamonds totaling 0.94 carats. Width: 2.6 mm.,,,,,/content/dam/rcq/car/73/93/18/739318.png
 B4216800,rings,"Étincelle de Cartier ring, small model",8150.0,8150.0,"white gold, diamonds",Étincelle de Cartier ring, small model, 18K white gold, set with 55 brilliant-cut diamonds totaling 1.00 carat.,,,,/content/dam/rcq/car/10/54/90/7/1054907.png
 B4087100,rings,Étincelle de Cartier wedding band,8550.0,8550.0,"platinum, diamonds",Étincelle de Cartier wedding band, 950‰ platinum, set with 29 brilliant-cut diamonds totaling 0.94 carats. Width: 2.6 mm.,,,,,/content/dam/rcq/car/92/55/76/925576.png
 N4766000,rings,Etincelle de Cartier ring,8750.0,8750.0,"pink gold, diamonds",Étincelle de Cartier ring, 18K pink gold, set with 52 brilliant-cut pavé diamonds totaling 0.81 carats.,,,,,/content/dam/rcq/car/18/11/97/7/1811977.png
 B4216600,rings,Étincelle de Cartier wedding band,8950.0,8950.0,"pink gold, diamonds",Etincelle de Cartier wedding band, 18K pink gold, set with 14 brilliant-cut diamonds totaling 0.94 carat. Width 3.5 mm.,,,,,/content/dam/rcq/car/17/07/89/1/1707891.png
 N4753200,rings,Etincelle de Cartier ring,9350.0,9350.0,"white gold, diamonds",Étincelle de Cartier ring, 18K white gold, set with 52 brilliant-cut diamonds totaling 0.81 carat.,,,,,/content/dam/rcq/car/16/49/51/2/1649512.png
 N4722700,rings,Cartier Destinée wedding band,9650.0,9650.0,"pink gold, diamonds",Cartier Destinée wedding band, width 3.27 mm, 18K pink gold, set with 22 brilliant-cut diamonds totaling 1.34 carats.,,,,/content/dam/rcq/car/74/35/09/743509.png
 B4091200,rings,Etincelle de Cartier ring,9800.0,9800.0,"pink gold, diamonds",Étincelle de Cartier ring, 18K pink gold, set with 69 brilliant-cut diamonds totaling 1.33 carats.,,,,,/content/dam/rcq/car/58/91/56/589156.png
 B4192300,rings,Etincelle de Cartier ring,9800.0,9800.0,"yellow gold, diamonds",Étincelle de Cartier ring, 18K yellow gold, set with 69 brilliant-cut diamonds totaling 1.33 carats.,,,,,/content/dam/rcq/car/10/61/48/1/1061481.png
 B4216500,rings,Étincelle de Cartier wedding band,9850.0,9850.0,"platinum, diamonds",Etincelle de Cartier wedding band, 950‰ platinum, set with 14 brilliant-cut diamonds totaling 0.94 carats. Width 3.5 mm.,,,,,/content/dam/rcq/car/17/07/88/9/1707889.png
 B4094800,rings,Juste un Clou ring,3800.0,3800.0,"pink gold, diamonds",Juste un Clou ring, 18K rose gold, set with 22 brilliant-cut diamonds totaling 0.13 carats. Width: 2.65mm.,,,,,/content/dam/rcq/car/58/99/46/589946.png
 B4216900,rings,Juste un Clou ring,3800.0,3800.0,"yellow gold, diamonds",Juste un Clou ring, 18K yellow gold, set with 22 brilliant-cut diamonds totaling 0.13 carats. Width: 2.65mm.,,,,,/content/dam/rcq/car/10/54/36/9/1054369.png
 B4225800,rings,Juste un Clou ring SM,1120.0,1120.0,pink gold,Juste un Clou ring, small model, 18K rose gold. Width: 1.8mm.,,,,,/content/dam/rcq/car/17/02/54/2/1702542.png
 B4225900,rings,Juste un Clou ring SM,1120.0,1120.0,yellow gold,Juste un Clou ring, small model, 18K yellow gold. Width: 1.8mm.,,,,,/content/dam/rcq/car/17/02/54/3/1702543.png
 B4226000,rings,Juste un Clou ring SM,1200.0,1200.0,white gold,Juste un Clou ring, small model, 18K white gold. Width: 1.8mm.,,,,,/content/dam/rcq/car/17/02/54/4/1702544.png
 B4092500,rings,Juste un Clou ring,2270.0,2270.0,pink gold,Juste un Clou ring, 18K rose gold. Width: 2.65mm.,,,,,,/content/dam/rcq/car/58/74/19/587419.png
 B4092600,rings,Juste un Clou ring,2270.0,2270.0,yellow gold,Juste un Clou ring, 18K yellow gold. Width: 2.65mm.,,,,,,/content/dam/rcq/car/58/45/42/584542.png
 B4099200,rings,Juste un Clou ring,2430.0,2430.0,white gold,Juste un Clou ring, 18K white gold, rhodium-finish Width: 2.65mm.,,,,,/content/dam/rcq/car/58/90/45/589045.png
 B4210800,rings,Juste un Clou ring,4000.0,4000.0,"pink gold, diamonds",Juste un Clou ring, 18K rose gold, set with 14 brilliant-cut diamonds totaling 0.08 carats. Width: 1.8mm.,,,,,/content/dam/rcq/car/10/40/71/9/1040719.png
 B4092700,rings,Juste un Clou ring,4050.0,4050.0,"white gold, diamonds",Juste un Clou ring, 18K white gold, set with 22 brilliant-cut diamonds totaling 0.13 carats. Width: 2.65mm.,,,,,/content/dam/rcq/car/58/50/71/585071.png
 B4211000,rings,Juste un Clou ring,4300.0,4300.0,"white gold, diamonds",Juste un Clou ring, 18K white gold, set with 14 brilliant-cut diamonds totaling 0.08 carats. Width: 1.8mm.,,,,,/content/dam/rcq/car/10/40/72/1/1040721.png
 B4210900,rings,Juste un Clou ring,9850.0,9850.0,"pink gold, diamonds",Juste un Clou ring, 18K pink gold, set with 77 brilliant-cut diamonds totaling 0.59 carats.,,,,,/content/dam/rcq/car/16/51/03/6/1651036.png
 B4211900,rings,Juste un Clou ring,9850.0,9850.0,"yellow gold, diamonds",Juste un Clou ring, 18K yellow gold, set with 77 brilliant-cut diamonds totaling 0.59 carats. Width: 1.8mm.,,,,,/content/dam/rcq/car/10/22/63/1/1022631.png
 B4059900,rings,Tank Française ring,2210.0,2210.0,white gold,Tank Française ring, small model, 18K white gold. 6 mm wide (7 mm from size 60).,,,,,/content/dam/rcq/car/92/55/65/925565.png
 B4079800,rings,Maillon Panthère wedding band,1130.0,1130.0,pink gold,Maillon Panthère wedding band, 18K pink gold.,,,,,,/content/dam/rcq/car/58/40/63/584063.png
 B4079900,rings,Maillon Panthère wedding band,1130.0,1130.0,yellow gold,Maillon Panthère wedding band, 18K yellow gold.,,,,,,/content/dam/rcq/car/59/10/09/591009.png
 B4083500,rings,Maillon Panthère wedding band,1210.0,1210.0,white gold,Maillon Panthère wedding band, 18K white gold.,,,,,,/content/dam/rcq/car/59/38/47/593847.png
 B4080300,rings,Maillon Panthère wedding band,1780.0,1780.0,"yellow gold, diamonds",Maillon Panthère wedding band, 18K yellow gold, set with 4 brilliant-cut diamonds totaling 0.05 carat.,,,,,/content/dam/rcq/car/58/84/31/588431.png
 B4080500,rings,Maillon Panthère wedding band,1780.0,1780.0,"pink gold, diamonds",Maillon Panthère wedding band, 18K pink gold, set with 4 brilliant-cut diamonds totaling 0.05 carat.,,,,,/content/dam/rcq/car/59/30/19/593019.png
 B4080400,rings,Maillon Panthère wedding band,1900.0,1900.0,"white gold, diamonds",Maillon Panthère wedding band, 18K white gold, set with 4 brilliant-cut diamonds totaling 0.05 carat.,,,,,/content/dam/rcq/car/58/88/92/588892.png
 B4230600,rings,Maillon Panthère ring,2110.0,2110.0,yellow gold,Maillon Panthère ring, 18K yellow gold.,,,,,,/content/dam/rcq/car/18/11/96/0/1811960.png
 B4221100,rings,Maillon Panthère wedding band,3100.0,3100.0,"yellow gold, diamonds",Maillon Panthère wedding band, 18K yellow gold, set with 12 brilliant-cut diamonds totaling 0.15 carats.,,,,,/content/dam/rcq/car/15/23/20/3/1523203.png
 B4221200,rings,Maillon Panthère wedding band,3100.0,3100.0,"pink gold, diamonds",Maillon Panthère wedding band, 18K pink gold, set with 12 brilliant-cut diamonds totaling 0.15 carats.,,,,,/content/dam/rcq/car/15/23/20/7/1523207.png
 B4221000,rings,Maillon Panthère wedding band,3300.0,3300.0,"white gold, diamonds",Maillon Panthère wedding band, 18K white gold, set with 12 brilliant-cut diamonds totaling 0.15 carats.,,,,,/content/dam/rcq/car/15/23/19/6/1523196.png
 B4230700,rings,Maillon Panthère ring,3500.0,3500.0,yellow gold,Maillon Panthère ring, 18K yellow gold.,,,,,,/content/dam/rcq/car/18/11/96/1/1811961.png
 B4098800,rings,"Maillon Panthère thin wedding band, 2 half diamond-paved rows",5000.0,5000.0,"pink gold, diamonds",Maillon Panthère wedding band, 18K pink gold, set with 42 brilliant-cut diamonds totaling 0.30 carat.,,,,,/content/dam/rcq/car/58/45/89/584589.png
 B4216000,rings,Maillon Panthère ring,5000.0,5000.0,"yellow gold, diamonds",Maillon Panthère wedding band, 18K yellow gold, set with 42 brilliant-cut diamonds totaling 0.3 carats.,,,,,/content/dam/rcq/car/14/37/31/7/1437317.png
 B4098900,rings,"Maillon Panthère thin wedding band, 2 half diamond-paved rows",5350.0,5350.0,"white gold, diamonds",Maillon Panthère wedding band, 18K white gold, set with 42 brilliant-cut diamonds totaling 0.30 carat.,,,,,/content/dam/rcq/car/58/72/52/587252.png
 B4095300,rings,"Maillon Panthère ring, 3 half diamond-paved rows",7850.0,7850.0,"pink gold, diamonds",Maillon Panthère ring, 18K pink gold, set with 35 brilliant-cut diamonds totaling 0.53 carat.,,,,,/content/dam/rcq/car/58/52/68/585268.png
 B4127100,rings,"Maillon Panthère ring, 3 half diamond-paved rows",7850.0,7850.0,"yellow gold, diamonds",Maillon Panthère ring, 18K yellow gold, set with 35 brilliant-cut diamonds totaling 0.53 carat.,,,,,/content/dam/rcq/car/15/55/68/6/1555686.png
 B4127200,rings,"Maillon Panthère ring, 3 half diamond-paved rows",8400.0,8400.0,"white gold, diamonds",Maillon Panthère ring, 18K white gold, set with 35 brilliant-cut diamonds totaling 0.53 carat.,,,,,/content/dam/rcq/car/15/55/68/7/1555687.png
 B4227400,rings,Ecrou de Cartier ring,2360.0,2360.0,white gold,Ecrou de Cartier ring, 18K white gold.,,,,,,/content/dam/rcq/car/16/43/46/6/1643466.png
 B4227200,rings,Ecrou de Cartier ring,2210.0,2210.0,yellow gold,Ecrou de Cartier ring, 18K yellow gold.,,,,,,/content/dam/rcq/car/16/43/46/4/1643464.png
 B4227300,rings,Ecrou de Cartier ring,2210.0,2210.0,pink gold,Ecrou de Cartier ring, 18K pink gold.,,,,,,/content/dam/rcq/car/16/43/46/5/1643465.png
 B4226300,rings,Goldmaster de Cartier ring,3650.0,3650.0,yellow gold,Goldmaster de Cartier ring, 18K yellow gold.,,,,,,/content/dam/rcq/car/17/03/59/1/1703591.png
 B4226400,rings,Goldmaster de Cartier ring,3750.0,3750.0,yellow gold,Goldmaster de Cartier ring, 18K yellow gold.,,,,,,/content/dam/rcq/car/17/03/59/3/1703593.png
 B4226200,rings,Goldmaster de Cartier ring,4150.0,4150.0,yellow gold,Goldmaster de Cartier ring, 18K yellow gold.,,,,,,/content/dam/rcq/car/17/03/58/9/1703589.png
 B4229900,rings,Clash de Cartier ring Medium Model,3050.0,3050.0,pink gold,Clash de Cartier ring, medium model, 18K pink gold. Width: 8mm,,,,,/content/dam/rcq/car/18/12/46/0/1812460.png
 B4229800,rings,Clash de Cartier ring Small Model,2120.0,2120.0,pink gold,Clash de Cartier ring, small model, 18K pink gold. Width: 6.4mm,,,,,/content/dam/rcq/car/18/11/84/2/1811842.png
 B4233100,rings,Clash de Cartier ring Small Model,2270.0,2270.0,white gold,Clash de Cartier ring, small model, rhodiumized 18K white gold. Width: 6.4 mm.,,,,,/content/dam/rcq/car/18/11/84/5/1811845.png
 B4231100,rings,Clash de Cartier ring Medium Model,3300.0,3300.0,white gold,Clash de Cartier ring, medium model, non-rhodiumized 18K white gold. Width: 8 mm.,,,,,/content/dam/rcq/car/18/11/84/3/1811843.png
 B4233000,rings,Clash de Cartier ring Medium Model,3300.0,3300.0,white gold,Clash de Cartier ring, medium model, rhodiumized 18K white gold. Width: 8 mm.,,,,,/content/dam/rcq/car/18/11/84/4/1811844.png
 N4765400,rings,Clash de Cartier ring Diamonds,8500.0,8500.0,"pink gold, diamonds",Clash de Cartier ring, 18K pink gold, set with 18 brilliant-cut diamonds totaling 0.53 carats. Width: 6.8mm,,,,,/content/dam/rcq/car/18/09/15/1/1809151.png
 B6044017,bracelets,"Amulette de Cartier bracelet, XS model",1780.0,1780.0,"yellow gold, diamond, white mother-of-pearl",Amulette de Cartier bracelet, XS model, 18K yellow gold, set with a brilliant-cut diamond of 0.02 carats, white mother-of-pearl. Diameter of motif: 12 mm.,,,/content/dam/rcq/car/14/64/19/7/1464197.png
 B6047117,bracelets,"Amulette de Cartier bracelet, XS model",2050.0,2050.0,"pink gold, malachite, diamond",Amulette de Cartier bracelet, XS model, 18K pink gold, malachite, set with a brilliant-cut diamond of 0.02 carats. Diameter of motif: 12 mm.,,,/content/dam/rcq/car/14/64/20/4/1464204.png
 B6044117,bracelets,"Amulette de Cartier bracelet, XS model",1780.0,1780.0,"pink gold, diamond, onyx",Amulette de Cartier bracelet, XS model, 18K pink gold, set with a brilliant-cut diamond of 0.02 carats, onyx. Diameter of motif: 12 mm.,,,/content/dam/rcq/car/14/64/19/8/1464198.png
 B6050717,bracelets,"Amulette de Cartier bracelet, XS model",4450.0,4450.0,"pink gold, onyx, white mother-of-pearl, diamond",Amulette de Cartier bracelet, extra-small model, 18K pink gold, onyx, white mother-of-pearl, set with 2 brilliant-cut diamonds totaling 0.05 carats. Diameter of the motifs: 12 mm.,,/content/dam/rcq/car/14/69/46/7/1469467.png
 B6035517,bracelets,Love bracelet,6300.0,6300.0,yellow gold,Love bracelet, 18K yellow gold. Sold with a screwdriver. Width: 6.1mm.,,,,,,/content/dam/rcq/car/59/06/88/590688.png
 B6035617,bracelets,Love bracelet,6300.0,6300.0,pink gold,Love bracelet, 18K rose gold. Sold with a screwdriver. Width: 6.1mm.,,,,,,/content/dam/rcq/car/58/48/05/584805.png
 B6035417,bracelets,Love bracelet,6750.0,6750.0,white gold,Love bracelet, 18K white gold. Sold with a screwdriver. Width: 6.1mm.,,,,,,/content/dam/rcq/car/58/43/66/584366.png
 B6047517,bracelets,"Love bracelet, SM",4050.0,4050.0,yellow gold,Love bracelet, small model, 18K yellow gold. Sold with a screwdriver. Width: 3.65mm.,,,,,/content/dam/rcq/car/14/37/25/7/1437257.png
 B6047317,bracelets,"Love bracelet, SM",4050.0,4050.0,pink gold,Love bracelet, small model, 18K rose gold. Sold with a screwdriver. Width: 3.65mm.,,,,,/content/dam/rcq/car/14/37/25/3/1437253.png
 B6047417,bracelets,"Love bracelet, SM",4350.0,4350.0,white gold,Love bracelet, small model, 18K white gold. Sold with a screwdriver. Width: 3.65mm.,,,,,/content/dam/rcq/car/14/37/25/5/1437255.png
 B6032417,bracelets,Love bracelet,4500.0,4500.0,yellow gold,Love bracelet, 18K yellow gold. Width: 6.2mm.,,,,,,/content/dam/rcq/car/59/03/44/590344.png
 B6032617,bracelets,Love bracelet,4500.0,4500.0,pink gold,Love bracelet, 18K rose gold. Width: 6.2mm.,,,,,,/content/dam/rcq/car/58/87/21/588721.png
 B6032517,bracelets,Love bracelet,4800.0,4800.0,white gold,Love bracelet, 18K white gold. Width: 6.2mm.,,,,,,/content/dam/rcq/car/59/11/34/591134.png
 B6029817,bracelets,"Love bracelet, 1 diamond",5300.0,5300.0,"yellow gold, diamond",Love bracelet, 18K yellow gold, set with 1 brilliant-cut diamond totaling 0.10 carats. Width: 6.1mm.,,,,,/content/dam/rcq/car/59/05/57/590557.png
 B6029917,bracelets,"Love bracelet, 1 diamond",5700.0,5700.0,"white gold, diamond",Love bracelet, 18K white gold, set with 1 brilliant-cut diamond totaling 0.10 carats. Width: 6.1mm.,,,,,/content/dam/rcq/car/19/63/03/3/1963033.png
 B6047817,bracelets,"Love bracelet, small model, 10 diamonds",8100.0,8100.0,"yellow gold, diamonds",Love bracelet, small model, 18K yellow gold, set with 10 brilliant-cut diamonds totaling 0.21 carats. Sold with a screwdriver. Width: 3.65mm.,,,,/content/dam/rcq/car/17/74/10/7/1774107.png
 B6047917,bracelets,"Love bracelet, small model, 10 diamonds",8100.0,8100.0,"pink gold, diamonds",Love bracelet, small model, 18K rose gold, set with 10 brilliant-cut diamonds totaling 0.21 carats. Sold with a screwdriver. Width: 3.65mm.,,,,/content/dam/rcq/car/16/26/48/1/1626481.png
 B6048017,bracelets,"Love bracelet, small model, 10 diamonds",8650.0,8650.0,"white gold, diamonds",Love bracelet, small model, 18K white gold, set with 10 brilliant-cut diamonds totaling 0.21 carats. Sold with a screwdriver. Width: 3.65mm.,,,,/content/dam/rcq/car/19/21/22/6/1921226.png
 B6036517,bracelets,Love bracelet,7750.0,7750.0,"pink gold, sapphires, garnets, amethysts",# LOVE# bracelet, 18K rose gold, set with 2 rose sapphires, 2 yellow sapphires, 2 green garnets, 2 orange garnets and 2 amethysts. Sold with a screwdriver. Width: 6.1mm.,,/content/dam/rcq/car/58/77/58/587758.png
 B6026005,bracelets,Love bracelet,1300.0,1300.0,"white gold, ceramic, diamonds",Love bracelet, 18K white gold, black ceramic, set with 4 brilliant-cut diamonds totaling 0.01 carats. Comes on a black cord. Width: 2.6 mm. Inner diameter of the two rings: 8 mm.,,,,/content/dam/rcq/car/58/48/43/584843.png
 B6036317,bracelets,Love bracelet,8250.0,8250.0,"white gold, aquamarines, sapphires, spinels, amethysts",# LOVE# bracelet, 18K white gold, set with 2 aquamarines, 2 pink sapphires, 2 blue sapphires, 2 purple spinels and 2 amethysts. Sold with a screwdriver. Width: 6.1mm.,,/content/dam/rcq/car/97/02/48/970248.png
 B6040100,bracelets,Love bracelet,1210.0,1210.0,"pink gold, ceramic, diamonds",Love bracelet, 18K pink gold, brown ceramic, set with 4 brilliant-cut diamonds totaling 0.01 carats. Comes on a pink-toned cord. Width: 2.6 mm. Inner diameter of the two rings: 8 mm.,,,,/content/dam/rcq/car/59/36/70/593670.png
 B6027100,bracelets,Love bracelet,1630.0,1630.0,yellow gold,Love bracelet, 18K yellow gold. Width: 2.55 mm. Inner diameter: 9.7 mm.,,,,,,/content/dam/rcq/car/90/26/05/902605.png
 B6027000,bracelets,Love bracelet,1630.0,1630.0,pink gold,Love bracelet, 18K pink gold. Width: 2.55 mm. Inner diameter: 9.7 mm.,,,,,,/content/dam/rcq/car/90/26/03/902603.png
 B6027200,bracelets,Love bracelet,1740.0,1740.0,white gold,Love bracelet, 18K white gold. Width: 2.55 mm. Inner diameter: 9.7 mm.,,,,,,/content/dam/rcq/car/90/26/07/902607.png
 B6038300,bracelets,Love bracelet,1940.0,1940.0,"yellow gold, diamonds",Love bracelet, 18K yellow gold, set with 2 brilliant-cut diamonds totaling 0.03 carats. Width: 7.8 mm.,,,,,/content/dam/rcq/car/14/45/87/4/1445874.png
 B6038100,bracelets,Love bracelet,2080.0,2080.0,"white gold, diamonds",Love bracelet, 18K white gold, set with 2 brilliant-cut diamonds totaling 0.03 carats. Inner diameter: 7.8 mm.,,,,,/content/dam/rcq/car/14/45/87/1/1445871.png
 B6063600,bracelets,Love bracelet,1940.0,1940.0,"pink gold, diamonds",Love bracelet, 18K pink gold," set with 2 brilliant-cut diamonds totaling 0.03 carats.
Inner diameter: 7.8 mm.",,,,,/content/dam/rcq/car/16/65/49/0/1665490.png
 B6047217,bracelets,"Love bracelet, small model, 6 diamonds",6000.0,6000.0,"yellow gold, diamonds",Love bracelet, small model, 18K yellow gold, set with 6 diamonds totaling 0.15 carats.,,,,/content/dam/rcq/car/16/41/57/5/1641575.png
 B6047617,bracelets,"Love bracelet, small model, 6 diamonds",6000.0,6000.0,"pink gold, diamonds",Love bracelet, small model, 18K pink gold, set with 6 diamonds totaling 0.15 carats.,,,,/content/dam/rcq/car/19/55/29/7/1955297.png
 B6047717,bracelets,"Love bracelet, small model, 6 diamonds",6400.0,6400.0,"white gold, diamonds",Love bracelet, small model, 18K white gold, set with 6 diamonds totaling 0.15 carats.,,,,/content/dam/rcq/car/16/41/57/7/1641577.png
 B6064617,bracelets,Love bracelet,7600.0,7600.0,yellow gold,Love bracelet, 18K yellow gold.,,,,,,/content/dam/rcq/car/19/55/29/9/1955299.png
 B6064717,bracelets,Love bracelet,8150.0,8150.0,white gold,Love bracelet, 18K white gold.,,,,,,/content/dam/rcq/car/19/55/30/0/1955300.png
 B6030017,bracelets,"Love bracelet, 1 pink sapphire",4950.0,4950.0,"pink gold, pink sapphire",Love bracelet, 18K rose gold, set with 1 rose sapphire. Width: 6.1mm.,,,,,/content/dam/rcq/car/58/82/49/588249.png
 B6064516,bracelets,Panthère de Cartier bracelet,8750.0,8750.0,"yellow gold, tsavorite garnets, diamonds",Panthère de Cartier bracelet, 18K yellow gold, black lacquer, set with one tsavorite garnet and 19 brilliant-cut diamonds totaling 0.07 carats.,,,,/content/dam/rcq/car/16/48/34/8/1648348.png
 B6046516,bracelets,Panthère de Cartier bracelet,8750.0,8750.0,"pink gold, tsavorite garnets, diamonds",Panthère de Cartier bracelet, 18K pink gold, black lacquer, set with a tsavorite garnet and 19 brilliant-cut diamonds totaling 0.07 carats.,,,,/content/dam/rcq/car/16/48/34/4/1648344.png
 B6016700,bracelets,Trinity bracelet,580.0,580.0,"white gold, yellow gold, pink gold",Trinity bracelet, 18K white gold, 18K rose gold, 18K yellow gold. Comes on a cord. Width: 2 mm. Inner diameter: 10.7mm,,,,/content/dam/rcq/car/10/57/41/2/1057412.png
 B6046200,bracelets,Trinity bracelet,580.0,580.0,"white gold, ceramic",Trinity bracelet, 18K white gold, black ceramic. Width: 2 mm. Inner diameter 10.7mm.,,,,,/content/dam/rcq/car/91/73/88/917388.png
 B6036818,bracelets,Trinity bracelet,1140.0,1140.0,"white gold, yellow gold, pink gold",Trinity bracelet, 18K white gold, 18K rose gold, 18K yellow gold. Width: 1.1mm. Inner diameter 7.3mm.,,,,/content/dam/rcq/car/19/54/97/8/1954978.png
 B6058718,bracelets,Trinity bracelet,2980.0,2980.0,"white gold, yellow gold, pink gold, diamond",Trinity bracelet, 18K white gold, 18K yellow gold, 18K pink gold, set with a brilliant-cut diamond of 0.18 carats.,,,/content/dam/rcq/car/16/48/34/7/1648347.png
 B6050217,bracelets,Trinity bracelet,6700.0,6700.0,"white gold, pink gold, yellow gold",Trinity bracelet, small model, 18K white gold, 18K rose gold, 18K yellow gold. Width: 2.8mm.,,,/content/dam/rcq/car/14/62/69/1/1462691.png
 B6013302,bracelets,Trinity bracelet,9100.0,9100.0,"white gold, yellow gold, pink gold",Trinity bracelet, medium model, 18K white gold, 18K pink gold, 18K yellow gold.,,,/content/dam/rcq/car/92/55/81/925581.png
 B6045617,bracelets,Diamants Légers bracelet XS,760.0,760.0,"yellow gold, diamond",Diamants Légers bracelet, 18K yellow gold, set with a brilliant-cut diamond of 0.04 carats.,,,,,/content/dam/rcq/car/13/86/11/2/1386112.png
 B6045717,bracelets,Diamants Légers bracelet XS,760.0,760.0,"pink gold, diamond",Diamants Légers bracelet, 18K pink gold, set with a brilliant-cut diamond of 0.04 carats.,,,,,/content/dam/rcq/car/13/86/11/3/1386113.png
 B6045517,bracelets,Diamants Légers bracelet XS,820.0,820.0,"white gold, diamond",Diamants Légers bracelet, 18K white gold, set with a brilliant-cut diamond of 0.04 carats.,,,,,/content/dam/rcq/car/13/86/11/1/1386111.png
 B6037300,bracelets,Saphirs Légers de Cartier bracelet,920.0,920.0,"pink gold, pink sapphire",Saphirs Légers de Cartier bracelet, 18K pink gold, set with a pink sapphire.,,,,,/content/dam/rcq/car/58/48/35/584835.png
 B6040300,bracelets,"Diamants Légers bracelet, SM",1180.0,1180.0,"pink gold, diamond",Diamants Légers bracelet, 18K pink gold, set with 1 brilliant-cut diamond of 0.09 carat.,,,,,/content/dam/rcq/car/13/86/10/8/1386108.png
 B6043300,bracelets,"Diamants Légers bracelet, SM",1180.0,1180.0,"yellow gold, diamond",Diamants Légers bracelet, 18K yellow gold, set with 1 brilliant-cut diamond of 0.09 carat.,,,,,/content/dam/rcq/car/13/86/11/0/1386110.png
 B6037200,bracelets,"Diamants Légers bracelet, SM",1260.0,1260.0,"white gold, diamond",Diamants Légers bracelet, 18K white gold, set with a brilliant-cut diamond of 0.09 carat.,,,,,/content/dam/rcq/car/58/40/14/584014.png
 B6062917,bracelets,Diamants Légers bracelet,1750.0,1750.0,"yellow gold, diamonds",Diamants Légers bracelet, 18K yellow gold, set with a brilliant-cut diamond of 0.13 carats.,,,,,/content/dam/rcq/car/13/86/11/0/1386110.png
 B6063017,bracelets,Diamants Légers bracelet,1750.0,1750.0,"pink gold, diamonds",Diamants Légers bracelet, 18K pink gold, set with a brilliant-cut diamond of 0.13 carats.,,,,,/content/dam/rcq/car/13/86/10/8/1386108.png
 B6063117,bracelets,Diamants Légers bracelet,1870.0,1870.0,"white gold, diamonds",Diamants Légers bracelet, 18K white gold, set with a brilliant-cut diamond of 0.13 carats.,,,,,/content/dam/rcq/car/58/40/14/584014.png
 B6049817,bracelets,Etincelle de Cartier bracelet,7200.0,7200.0,"pink gold, diamonds",Etincelle de Cartier bracelet, 18K pink gold, set with 48 brilliant-cut diamonds totaling 0.60 carats.,,,,,/content/dam/rcq/car/14/69/09/3/1469093.png
 B6049917,bracelets,Etincelle de Cartier bracelet,7200.0,7200.0,"yellow gold, diamonds",Etincelle de Cartier bracelet, 18K yellow gold, set with 48 brilliant-cut diamonds totaling 0.60 carats.,,,,,/content/dam/rcq/car/14/69/09/4/1469094.png
 B6049717,bracelets,Etincelle de Cartier bracelet,7700.0,7700.0,"white gold, diamonds",Etincelle de Cartier bracelet, 18K white gold, set with 48 brilliant-cut diamonds totaling 0.60 carats.,,,,,/content/dam/rcq/car/14/69/09/2/1469092.png
 B6038000,bracelets,Logo bracelet,1810.0,1810.0,"pink gold, diamonds",Double C de Cartier bracelet, 18K pink gold, set with 2 brilliant-cut diamonds of 0.04 carat.,,,,,/content/dam/rcq/car/58/56/67/585667.png
 B6048217,bracelets,Juste un Clou bracelet,6800.0,6800.0,yellow gold,Juste un Clou bracelet, classic, 18K yellow gold. Width: 3.5mm.,,,,,/content/dam/rcq/car/59/08/02/590802.png
 B6048117,bracelets,Juste un Clou bracelet,6800.0,6800.0,pink gold,Juste un Clou bracelet, classic, 18K rose gold. Width: 3.5mm.,,,,,/content/dam/rcq/car/58/35/02/583502.png
 B6048317,bracelets,Juste un Clou bracelet,7300.0,7300.0,white gold,Juste un Clou bracelet, classic, 18K white gold, rhodium-finish. Width: 3.5mm.,,,,/content/dam/rcq/car/58/48/42/584842.png
 B6062617,bracelets,Juste un Clou bracelet SM,3050.0,3050.0,yellow gold,Juste un Clou bracelet, small model, 18K yellow gold. Width: 2.5mm.,,,,,/content/dam/rcq/car/17/02/55/3/1702553.png
 B6062517,bracelets,Juste un Clou bracelet SM,3050.0,3050.0,pink gold,Juste un Clou bracelet, small model, 18K rose gold. Width: 2.5mm.,,,,,/content/dam/rcq/car/17/02/55/2/1702552.png
 B6021300,bracelets,Santos de Cartier bracelet,3150.0,3150.0,yellow gold,Santos de Cartier bracelet, 18K yellow gold.,,,,,,/content/dam/rcq/car/58/86/69/588669.png
 B6021400,bracelets,Santos de Cartier bracelet,3350.0,3350.0,white gold,Santos de Cartier bracelet, 18K white gold.,,,,,,/content/dam/rcq/car/59/00/34/590034.png
 B6065417,bracelets,Maillon Panthère bracelet,6350.0,6350.0,yellow gold,Maillon Panthère bracelet, 18K yellow gold.,,,,,,/content/dam/rcq/car/18/11/96/2/1811962.png
 B6063817,bracelets,Ecrou de Cartier bracelet,6600.0,6600.0,yellow gold,Ecrou de Cartier bracelet, 18K yellow gold.,,,,,,/content/dam/rcq/car/16/41/70/7/1641707.png
 B6049617,bracelets,Ecrou de Cartier bracelet,7050.0,7050.0,white gold,Écrou de Cartier bracelet, 18K white gold. Width: 3.5mm.,,,,,,/content/dam/rcq/car/10/57/68/8/1057688.png
 B6049517,bracelets,Ecrou de Cartier bracelet,6600.0,6600.0,pink gold,Écrou bracelet, 18K rose gold. Width: 3.5mm.,,,,,,/content/dam/rcq/car/10/57/68/6/1057686.png
 B6064417,bracelets,Ecrou de Cartier bracelet,7050.0,7050.0,white gold,Ecrou de Cartier bracelet, 18K white gold, non-rhodium finish.,,,,,/content/dam/rcq/car/17/93/96/8/1793968.png
 B6040200,bracelets,Symbols bracelet,2200.0,2200.0,"pink gold, diamonds",Hearts and Symbols bracelet, 18K pink gold, set with 11 brilliant-cut diamonds totaling 0.13 carat.,,,,,/content/dam/rcq/car/59/08/42/590842.png
 B6040400,bracelets,Symbols bracelet,2360.0,2360.0,"white gold, diamonds",Hearts and Symbols bracelet, 18K white gold, set with 11 brilliant-cut diamonds totaling 0.13 carat.,,,,,/content/dam/rcq/car/58/33/64/583364.png
 B6065217,bracelets,Clash de Cartier bracelet Medium Model,8750.0,8750.0,pink gold,Clash de Cartier bracelet, medium model, 18K pink gold. Width: 8mm,,,,,/content/dam/rcq/car/19/15/80/9/1915809.png
 B6065117,bracelets,Clash de Cartier bracelet Small Model,6600.0,6600.0,pink gold,Clash de Cartier bracelet, small model, 18K pink gold. Width: 6.4mm,,,,,/content/dam/rcq/car/19/15/80/6/1915806.png
 B6065717,bracelets,Clash de Cartier bracelet Medium Model,9350.0,9350.0,white gold,Clash de Cartier bracelet, medium model, rhodiumized 18K white gold. Width: 8mm,,,,,/content/dam/rcq/car/20/25/60/3/2025603.png
 B3047100,necklaces,"Amulette de Cartier necklace, XS model",1900.0,1900.0,"yellow gold, diamonds, white mother-of-pearl",Amulette de Cartier necklace, XS model, 18K yellow gold, set with a brilliant-cut diamond of 0.02 carats, white mother-of-pearl. Diameter of motif: 12 mm. Adjustable chain: 38-41 cm.,,,/content/dam/rcq/car/13/61/33/8/1361338.png
 B3047200,necklaces,"Amulette de Cartier necklace, XS model",1900.0,1900.0,"pink gold, onyx, diamonds",Amulette de Cartier necklace, XS model, 18K pink gold, onyx, set with a brilliant-cut diamond of 0.02 carats. Diameter of motif: 12 mm. Adjustable chain: 38-41 cm.,,,/content/dam/rcq/car/13/61/33/9/1361339.png
 B7224550,necklaces,"Amulette de Cartier necklace, XS model",2180.0,2180.0,"pink gold, malachite, diamond",Amulette de Cartier necklace, XS model, 18K pink gold, malachite, set with a brilliant-cut diamond of 0.02 carats.  Diameter of motif: 12 mm. Adjustable chain: 38-41 cm.,,,/content/dam/rcq/car/13/61/41/7/1361417.png
 B7224569,necklaces,"Amulette de Cartier necklace, XS model",3500.0,3500.0,"pink gold, onyx, white mother-of-pearl, diamond",Amulette de Cartier necklace, extra-small model, 18K pink gold, onyx, white mother-of-pearl, set with 2 brilliant-cut diamonds totaling 0.05 carats. Diameter of the motifs: 12 mm. Adjustable chain.,,/content/dam/rcq/car/14/62/29/3/1462293.png
 B7224558,necklaces,"Amulette de Cartier necklace, small model",3650.0,3650.0,"pink gold, onyx, diamond",Amulette de Cartier necklace, small model, 18K pink gold, set with a brilliant-cut diamond of 0.09 carats, onyx.,,,/content/dam/rcq/car/13/61/34/1/1361341.png
 B7224521,necklaces,"Amulette de Cartier necklace, small model",4900.0,4900.0,"yellow gold, lapis lazuli, diamond",Amulette de Cartier necklace, small model, 18K yellow gold, lapis lazuli, set with a brilliant-cut diamond of 0.09 carats. Diameter of motif: 17 mm. Chain: 60 cm.,,,/content/dam/rcq/car/13/61/40/9/1361409.png
 B7224518,necklaces,"Amulette de Cartier necklace, XS model",2180.0,2180.0,"pink gold, carnelian, diamond",Amulette de Cartier necklace, XS model, 18K pink gold, carnelian, set with a brilliant-cut diamond of 0.02 carats. Diameter of motif: 12 mm. Adjustable chain: 38-41 cm.,,,/content/dam/rcq/car/13/61/40/6/1361406.png
 B3153108,necklaces,"Amulette de Cartier necklace, XS model",2560.0,2560.0,"yellow gold, lapis lazuli, diamond",Amulette de Cartier necklace, XS model, 18K yellow gold, lapis lazuli, set with a brilliant-cut diamond of 0.02 carats. Diameter of motif: 12 mm. Adjustable chain: 38-41 cm.,,,/content/dam/rcq/car/13/65/36/9/1365369.png
 B7224520,necklaces,"Amulette de Cartier necklace, XS model",2560.0,2560.0,"yellow gold, chrysoprase, diamond",Amulette de Cartier necklace, XS model, 18K yellow gold, chrysoprase, set with a brilliant-cut diamond of 0.02 carats. Diameter of motif: 12 mm. Adjustable chain: 38-41 cm.,,,/content/dam/rcq/car/13/61/40/8/1361408.png
 B7224542,necklaces,"Amulette de Cartier necklace, small model",4200.0,4200.0,"pink gold, malachite, diamond",Amulette de Cartier necklace, small model, 18K pink gold, malachite, set with a brilliant-cut diamond of 0.09 carats. Diameter of motif: 17 mm. Chain: 60 cm.,,,/content/dam/rcq/car/13/61/41/3/1361413.png
 B3047300,necklaces,"Amulette de Cartier necklace, XS model",4950.0,4950.0,"white gold, diamonds",Amulette de Cartier necklace, XS model, 18K white gold, set with 20 brilliant-cut diamonds totaling 0.25 carats. Diameter of motif: 12 mm. Adjustable chain: 38-41 cm.,,,,/content/dam/rcq/car/13/61/34/0/1361340.png
 B7212400,necklaces,Love necklace,2160.0,2160.0,yellow gold,Love necklace, 18K yellow gold. Inner diameter 8mm. Chain length: 440mm.,,,,,,/content/dam/rcq/car/13/61/36/9/1361369.png
 B7014600,necklaces,"Love necklace, 3 diamonds",4250.0,4250.0,"white gold, diamonds",Love necklace, 18K white gold, set with 3 brilliant-cut diamonds totaling 0.07 carats. Inner diameter 16mm. Chain length: 420mm.,,,,,/content/dam/rcq/car/13/61/35/1/1361351.png
 B7212300,necklaces,Love necklace,2160.0,2160.0,pink gold,Love necklace, 18K rose gold. Inner diameter 8mm. Chain length: 440mm.,,,,,,/content/dam/rcq/car/13/61/36/8/1361368.png
 B7219500,necklaces,"Love necklace, 2 diamonds",2230.0,2230.0,"yellow gold, diamonds",Love necklace, 18K yellow gold, set with 2 brilliant-cut diamonds totaling 0.03 carats. Inner diameter: 7.8 mm. Chain length: 392 mm.,,,,,/content/dam/rcq/car/13/61/38/2/1361382.png
 B7224509,necklaces,"Love necklace, 2 diamonds",2230.0,2230.0,"pink gold, diamonds",Love necklace, 18K rose gold, set with 2 brilliant-cut diamonds totaling 0.03 carats. Inner diameter 7.8mm. Chain length: 392mm.,,,,,/content/dam/rcq/car/13/65/77/7/1365777.png
 B7212500,necklaces,Love necklace,2310.0,2310.0,white gold,Love necklace, 18K white gold. Inner diameter 8mm. Chain length: 440mm.,,,,,,/content/dam/rcq/car/13/61/37/0/1361370.png
 B7219400,necklaces,"Love necklace, 2 diamonds",2390.0,2390.0,"white gold, diamonds",Love necklace, 18K white gold, set with 2 brilliant-cut diamonds totaling 0.03 carats. Inner diameter: 7.8 mm. Chain length: 392 mm.,,,,,/content/dam/rcq/car/13/61/38/1/1361381.png
 B7014200,necklaces,Love necklace,3050.0,3050.0,yellow gold,Love necklace, 18K yellow gold. Inner diameter 16mm. Chain length: 420mm.,,,,,,/content/dam/rcq/car/13/61/34/7/1361347.png
 B7014400,necklaces,Love necklace,3050.0,3050.0,pink gold,Love necklace, 18K rose gold. Inner diameter 16mm. Chain length: 420mm.,,,,,,/content/dam/rcq/car/13/61/34/9/1361349.png
 B7219700,necklaces,"Love necklace, 6 diamonds",3150.0,3150.0,"pink gold, white gold, diamonds",Love necklace, 18K rose gold, 18K white gold, set with 6 brilliant-cut diamonds totaling 0.01 carats. Mini cicle inner diameter: 5.6mm Baby love inner diameter: 8mm Chain length: 370mm.,,,,/content/dam/rcq/car/13/61/38/3/1361383.png
 B7014300,necklaces,Love necklace,3250.0,3250.0,white gold,Love necklace, 18K white gold. Inner diameter 16mm. Chain length: 420mm.,,,,,,/content/dam/rcq/car/13/61/34/8/1361348.png
 B7014500,necklaces,"Love necklace, 3 diamonds",4000.0,4000.0,"yellow gold, diamonds",Love necklace, 18K yellow gold, set with 3 brilliant-cut diamonds totaling 0.07 carats. Inner diameter 16mm. Chain length: 420mm.,,,,,/content/dam/rcq/car/13/61/35/0/1361350.png
 B7014700,necklaces,"Love necklace, 3 diamonds",4000.0,4000.0,"pink gold, diamonds",Love necklace, 18K rose gold, set with 3 brilliant-cut diamonds totaling 0.07 carats. Inner diameter 16mm. Chain length: 420mm.,,,,,/content/dam/rcq/car/13/61/35/2/1361352.png
 B7013800,necklaces,"Love necklace, diamonds",4200.0,4200.0,"yellow gold, diamonds",Love necklace, 18K yellow gold, set with 18 brilliant-cut diamonds totaling 0.22 carats. Width: 2.65 mm. Inner diameter: 7.6 mm. Chain length: 420 mm.,,,,,/content/dam/rcq/car/13/61/34/5/1361345.png
 B7013900,necklaces,"Love necklace, diamonds",4200.0,4200.0,"pink gold, diamonds",Love necklace, 18K rose gold, set with 18 brilliant-cut diamonds totaling 0.22 carats. Width: 2.65mm. Inner diameter 7.6mm. Chain length: 420mm.,,,,,/content/dam/rcq/car/13/61/34/6/1361346.png
 B7013700,necklaces,"Love necklace, diamonds",4500.0,4500.0,"white gold, diamonds",Love necklace, 18K white gold, set with 18 brilliant-cut diamonds totaling 0.22 carats. Width: 2.65 mm. Inner diameter: 7.6 mm. Chain length: 420 mm.,,,,,/content/dam/rcq/car/13/61/34/4/1361344.png
 B7224528,necklaces,Love necklace,5050.0,5050.0,"pink gold, diamonds",Love necklace, 18K pink gold, set with 48 brilliant-cut diamonds totaling 0.30 carats. Width: 2.65 mm. Inner diameter: 7.6 mm. Chain length: 420 mm.,,,,,/content/dam/rcq/car/14/48/15/4/1448154.png
 B7014900,necklaces,"Love necklace, 6 diamonds",5100.0,5100.0,"white gold, diamonds",Love necklace, 18K white gold, set with 6 brilliant-cut diamonds totaling 0.15 carats. Inner diameter 16mm.,,,,,/content/dam/rcq/car/13/61/35/3/1361353.png
 B7216300,necklaces,"Love necklace, diamond-paved",5400.0,5400.0,"white gold, diamonds",Love necklace, 18K white gold, set with 48 brilliant-cut diamonds totaling 0.30 carats. Inner diameter 7.7mm. Chain length: 380mm.,,,,,/content/dam/rcq/car/13/65/87/6/1365876.png
 B7058400,necklaces,"Love necklace, diamond-paved",7450.0,7450.0,"yellow gold, diamonds",Love necklace, 18K yellow gold, set with 54 brilliant-cut diamonds totaling 0.34 carat.,,,,,/content/dam/rcq/car/13/61/35/7/1361357.png
 B7224527,necklaces,Love necklace,7450.0,7450.0,"pink gold, diamonds",Love necklace, 18K rose gold, set with 54 brilliant-cut diamonds totaling 0.34 carats. Inner diameter 15.95mm. Chain length: 420mm.,,,,,/content/dam/rcq/car/90/23/82/902382.png
 B7058000,necklaces,"Love necklace, diamond-paved",8000.0,8000.0,"white gold, diamonds",Love necklace, 18K white gold, set with 54 brilliant-cut diamonds totaling 0.34 carats. Inner diameter 15.95mm. Chain length: 420mm.,,,,,/content/dam/rcq/car/13/61/35/6/1361356.png
 B7224584,necklaces,Cactus de Cartier Necklace,2960.0,2960.0,"yellow gold, diamonds",Cactus de Cartier necklace, 18K yellow gold, set with 1 brilliant-cut diamond of 0.01 carats.,,,,,/content/dam/rcq/car/16/48/37/0/1648370.png
 B7224562,necklaces,Cactus de Cartier Necklace,4200.0,4200.0,"pink gold, diamond",Cactus de Cartier necklace, 18K pink gold, set with 1 brilliant-cut diamond totaling 0.018 carats.,,,,,/content/dam/rcq/car/14/69/52/8/1469528.png
 N7424286,necklaces,Cactus de Cartier Necklace,8150.0,8150.0,"yellow gold, aventurine, diamonds",Cactus de Cartier necklace, 18K yellow gold, set with 2 aventurines and 5 brilliant-cut diamonds totaling 0.09 carats.,,,,,/content/dam/rcq/car/16/49/63/7/1649637.png
 B7224600,necklaces,Panthère de Cartier necklace,9250.0,9250.0,"white gold, black lacquer, emeralds, diamonds",Panthère de Cartier necklace, 18K white gold, black lacquer, set with 77 brilliant-cut diamonds (0.31 carats) and emeralds.,,,,/content/dam/rcq/car/13/61/41/8/1361418.png
 B7224538,necklaces,Panthère de Cartier necklace,9350.0,9350.0,"pink gold, tsavorite garnets, diamonds",Panthère de Cartier necklace, 18K pink gold, black lacquer, set with a tsavorite garnet and 19 brilliant-cut diamonds totaling 0.07 carats.,,,,/content/dam/rcq/car/16/48/36/9/1648369.png
 B7224539,necklaces,Panthère de Cartier necklace,9350.0,9350.0,"pink gold, tsavorite garnets, diamonds",Panthère de Cartier necklace, 18K pink gold, black lacquer, set with a tsavorite garnet and 19 brilliant-cut diamonds totaling 0.07 carats.,,,,/content/dam/rcq/car/16/48/36/9/1648369.png
 B7224737,necklaces,Panthère de Cartier necklace,9350.0,9350.0,"yellow gold, tsavorite garnets, diamonds",Panthère de Cartier necklace, 18K yellow gold, black lacquer, set with one tsavorite garnet and 19 brilliant-cut diamonds totaling 0.07 carats.,,,,/content/dam/rcq/car/16/49/63/3/1649633.png
 B7224738,necklaces,Panthère de Cartier necklace,9350.0,9350.0,"yellow gold, tsavorite garnets, diamonds",Panthère de Cartier necklace, 18K yellow gold, black lacquer, set with one tsavorite garnet and 19 brilliant-cut diamonds totaling 0.07 carats.,,,,/content/dam/rcq/car/16/49/60/0/1649600.png
 B7224700,necklaces,Panthère de Cartier necklace,2990.0,2990.0,"pink gold, black lacquer, tsavorite garnets",Panthère de Cartier necklace, 18K pink gold, black lacquer, tsavorite garnets.,,,,/content/dam/rcq/car/13/61/41/9/1361419.png
 B7221900,necklaces,Panthère de Cartier necklace,8250.0,8250.0,"yellow gold, tsavorite garnets, onyx",Panthère de Cartier necklace, 18K yellow gold. Tsavorite garnets, onyx.,,,,,/content/dam/rcq/car/13/61/39/1/1361391.png
 B7015500,necklaces,Caresse d'Orchidées par Cartier necklace,3050.0,3050.0,"pink gold, diamond",Caresse d'Orchidées par Cartier necklace, medium model, 18K pink gold, set with 1 brilliant-cut diamond of 0.02 carat.,,,,/content/dam/rcq/car/13/61/35/5/1361355.png
 B7218200,necklaces,Trinity necklace,1300.0,1300.0,"white gold, yellow gold, pink gold",Trinity necklace, 18K white gold, 18K pink gold, 18K yellow gold, pink gold chain. Inner diameter: 7.3 mm. Neck size: 36-38-40.,,,/content/dam/rcq/car/13/61/37/5/1361375.png
 B7224574,necklaces,Trinity necklace,1460.0,1460.0,"white gold, yellow gold, pink gold",Trinity necklace, 18K white gold, 18K pink gold, 18K yellow gold, pink gold chain. Inner diameter: 10.7 mm. Neck size: 39-42.,,,/content/dam/rcq/car/14/65/15/8/1465158.png
 B7223500,necklaces,Trinity necklace,1970.0,1970.0,"white gold, yellow gold, pink gold, diamond",Trinity necklace, 18K white gold, 18K rose gold, 18K yellow gold, set with 1 brilliant-cut diamonds totaling 0.04 carats, rose gold chain. Inner diameter 7.3mm.,,/content/dam/rcq/car/13/61/39/5/1361395.png
 B3041200,necklaces,Trinity necklace,2220.0,2220.0,"white gold, yellow gold, pink gold",Trinity necklace, medium model, 18K white gold, 18K rose gold, 18K yellow gold. Comes on a cord. Inner diameter 19.4mm.,,,/content/dam/rcq/car/59/15/96/591596.png
 B7058800,necklaces,Trinity necklace,2270.0,2270.0,"white gold, yellow gold, pink gold",Trinity necklace, 18K yellow gold, 18K pink gold, 18K white gold.,,,,/content/dam/rcq/car/13/61/36/0/1361360.png
 B7058700,necklaces,Trinity necklace,2910.0,2910.0,"white gold, yellow gold, pink gold, diamonds",Trinity necklace, 18K white gold, 18K pink gold, 18K yellow gold, set with 5 brilliant-cut diamonds totaling 0.06 carats, pink gold chain. Width: 1.8 mm. Inner diameter: 13.4 mm.,,/content/dam/rcq/car/13/61/35/9/1361359.png
 B7224900,necklaces,Trinity necklace,3100.0,3100.0,"white gold, yellow gold, pink gold, diamond",Trinity necklace, 18K white gold, 18K pink gold, 18K yellow gold, set with 1 brilliant-cut diamond totaling 0.18 carats, pink gold chain. Inner diameter: 4.75 mm. Adjustable chain length: 38-41 cm.,,/content/dam/rcq/car/13/61/42/0/1361420.png
 B7224577,necklaces,Trinity necklace,3750.0,3750.0,"white gold, yellow gold, pink gold",Trinity de Cartier chain long necklace, 18K white gold, 18K pink gold, 18K yellow gold.,,,,/content/dam/rcq/car/16/26/62/0/1626620.png
 B7224532,necklaces,Trinity necklace,4500.0,4500.0,"white gold, diamonds, ceramic",Trinity necklace, 18K white gold, black ceramic, set with 14 brilliant-cut diamonds totaling 0.21 carats.,,,,/content/dam/rcq/car/13/61/41/1/1361411.png
 B3045500,necklaces,Trinity necklace,5100.0,5100.0,"white gold, ceramic, diamonds",Trinity necklace, small model, 18K white gold, black ceramic, set with 44 brilliant-cut diamonds totaling 0.19 carats. Inner diameter 15.4mm.,,,/content/dam/rcq/car/13/61/33/1/1361331.png
 B7058500,necklaces,Trinity necklace,6950.0,6950.0,"white gold, yellow gold, pink gold, diamonds",Trinity necklace, 18K white gold, 18K rose gold, 18K yellow gold, set with 53 brilliant-cut diamonds totaling 0.22 carats, rose gold chain. Inner diameter 13.4mm.,,/content/dam/rcq/car/13/61/35/8/1361358.png
 B7219200,necklaces,Logo necklace,2010.0,2010.0,"pink gold, diamonds",Double C de Cartier necklace, 18K pink gold, set with 5 brilliant-cut diamonds totaling 0.02 carat.,,,,,/content/dam/rcq/car/13/61/37/9/1361379.png
 B7219300,necklaces,Logo necklace,3250.0,3250.0,"pink gold, diamonds",Double C de Cartier necklace, 18K pink gold, set with 37 brilliant-cut diamonds totaling 0.10 carat.,,,,,/content/dam/rcq/car/13/61/38/0/1361380.png
 B7224516,necklaces,Diamants Légers necklace XS,890.0,890.0,"pink gold, diamond",Diamants Légers necklace, 18K pink gold, set with a brilliant-cut diamond of 0.04 carats.,,,,,/content/dam/rcq/car/13/61/40/4/1361404.png
 B7224517,necklaces,Diamants Légers necklace XS,890.0,890.0,"yellow gold, diamond",Diamants Légers necklace, 18K yellow gold, set with a brilliant-cut diamond of 0.04 carats.,,,,,/content/dam/rcq/car/13/61/40/5/1361405.png
 B7218400,necklaces,Saphirs Légers de Cartier necklace,1030.0,1030.0,"pink gold, pink sapphire",Saphirs Légers de Cartier necklace, 18K pink gold, set with a pink sapphire.,,,,,/content/dam/rcq/car/13/61/37/6/1361376.png
 B7215700,necklaces,"Diamants Légers necklace, SM",1290.0,1290.0,"pink gold, diamond",Diamants Légers necklace, small model, 18K pink gold, set with a brilliant-cut diamond of 0.09 carat.,,,,/content/dam/rcq/car/13/55/81/6/1355816.png
 B7215800,necklaces,"Diamants Légers necklace, SM",1290.0,1290.0,"yellow gold, diamond",Diamants Légers necklace, small model, 18K yellow gold, set with a brilliant-cut diamond of 0.09 carat.,,,,/content/dam/rcq/car/13/55/81/7/1355817.png
 B7215900,necklaces,"Diamants Légers necklace, SM",1380.0,1380.0,"white gold, diamond",Diamants Légers necklace, small model, 18K white gold, set with a brilliant-cut diamond of 0.09 carats.,,,,/content/dam/rcq/car/13/55/81/8/1355818.png
 B7215500,necklaces,"Diamants Légers necklace, LM",2390.0,2390.0,"yellow gold, diamond",Diamants Légers necklace, large model, 18K yellow gold, set with a brilliant-cut diamond of 0.18 carat.,,,,/content/dam/rcq/car/13/61/37/3/1361373.png
 B7215600,necklaces,"Diamants Légers necklace, LM",2390.0,2390.0,"pink gold, diamond",Diamants Légers necklace, large model, 18K pink gold, set with a brilliant-cut diamond of 0.18 carat.,,,,/content/dam/rcq/car/13/65/87/4/1365874.png
 B7215400,necklaces,"Diamants Légers necklace, LM",2550.0,2550.0,"white gold, diamond",Diamants Légers necklace, large model, 18K white gold, set with a brilliant-cut diamond of 0.18 carat.,,,,/content/dam/rcq/car/13/61/37/2/1361372.png
 B3045700,necklaces,Etincelle de Cartier necklace,4800.0,4800.0,"pink gold, diamonds",Etincelle de Cartier necklace, 18K pink gold, set with 32 brilliant-cut diamonds totaling 0.14 carats.,,,,,/content/dam/rcq/car/13/61/33/2/1361332.png
 B7224570,necklaces,Etincelle de Cartier necklace,4900.0,4900.0,"pink gold, diamonds",Etincelle de Cartier necklace, 18K pink gold, set with 12 brilliant-cut diamonds totaling 0.45 carats.,,,,,/content/dam/rcq/car/14/37/85/7/1437857.png
 B3045800,necklaces,Etincelle de Cartier necklace,5100.0,5100.0,"white gold, diamonds",Etincelle de Cartier necklace, 18K white gold, set with 32 brilliant-cut diamonds totaling 0.14 carats.,,,,,/content/dam/rcq/car/13/61/33/3/1361333.png
 B7224571,necklaces,Etincelle de Cartier necklace,5250.0,5250.0,"white gold, diamonds",Etincelle de Cartier necklace, 18K white gold, set with 12 brilliant-cut diamonds totaling 0.45 carats.,,,,,/content/dam/rcq/car/14/37/85/8/1437858.png
 B7224515,necklaces,Diamants Légers necklace XS,950.0,950.0,"white gold, diamond",Diamants Légers necklace, 18K white gold, set with a brilliant-cut diamond of 0.04 carats.,,,,,/content/dam/rcq/car/13/61/40/3/1361403.png
 B7224573,necklaces,Etincelle de Cartier necklace,3750.0,3750.0,"white gold, diamonds",Etincelle de Cartier necklace, 18K white gold, set with 6 brilliant-cut diamonds totaling 0.26 carats.,,,,,/content/dam/rcq/car/14/37/85/9/1437859.png
 B7224513,necklaces,Juste un Clou necklace,3850.0,3850.0,"pink gold, diamonds",Juste un Clou necklace, 18K rose gold, set with 14 brilliant-cut diamonds totaling 0.12 carats. Width: 2.2mm. Inner diameter 14.2mm. Adjustable chain length 39-41mm.,,,,,/content/dam/rcq/car/13/61/40/0/1361400.png
 B3047000,necklaces,Juste un Clou necklace,6350.0,6350.0,"pink gold, diamonds",Juste un Clou necklace, 18K rose gold, set with 36 brilliant-cut diamonds totaling 0.38 carats. Width: 2.2mm. Inner diameter 14.2mm. Adjustable chain length 39-41cm.,,,,,/content/dam/rcq/car/13/65/34/9/1365349.png
 B7224511,necklaces,Juste un Clou necklace,6350.0,6350.0,"yellow gold, diamonds",Juste un Clou necklace, 18K yellow gold, set with 36 brilliant-cut diamonds totaling 0.38 carat.,,,,,/content/dam/rcq/car/13/65/77/8/1365778.png
 B7009100,necklaces,Santos de Cartier necklace,8000.0,8000.0,white gold,Santos-Dumont chain necklace, 18K white gold.,,,,,,/content/dam/rcq/car/13/65/85/6/1365856.png
 B7060700,necklaces,Chain necklace,570.0,570.0,yellow gold,Chain necklace, 18K yellow gold.,,,,,,/content/dam/rcq/car/13/65/86/6/1365866.png
 B7060800,necklaces,Chain necklace,610.0,610.0,white gold,Chain necklace, 18K white gold.,,,,,,/content/dam/rcq/car/13/65/86/8/1365868.png
 B7224735,necklaces,Chain necklace,940.0,940.0,pink gold,Chain necklace, 18K pink gold.,,,,,,/content/dam/rcq/car/17/46/76/5/1746765.png
 B7060900,necklaces,Chain necklace,1250.0,1250.0,"white gold, yellow gold, pink gold",Chain necklace, 18K white gold, 18K pink gold, 18K yellow gold.,,,,/content/dam/rcq/car/13/65/87/0/1365870.png
 B7224736,necklaces,Chain necklace,1250.0,1250.0,yellow gold,Chain necklace, 18K yellow gold.,,,,,,/content/dam/rcq/car/17/46/76/6/1746766.png
 B7012000,necklaces,Chain necklace,1340.0,1340.0,white gold,Chain necklace, 18K white gold.,,,,,,/content/dam/rcq/car/13/65/85/8/1365858.png
 B7009000,necklaces,Santos de Cartier necklace,7450.0,7450.0,yellow gold,Santos-Dumont chain necklace, 18K yellow gold.,,,,,,/content/dam/rcq/car/13/65/85/4/1365854.png
 B3153111,necklaces,Cross pendant,570.0,570.0,yellow gold,Cross pendant, 18K yellow gold,,,,,,/content/dam/rcq/car/10/99/78/9/1099789.png
 B3153112,necklaces,Star pendant,570.0,570.0,yellow gold,Star pendant, 18K yellow gold,,,,,,/content/dam/rcq/car/10/99/79/0/1099790.png
 B3153113,necklaces,Hand of Fatima pendant,570.0,570.0,yellow gold,Hand of Fatima pendant, 18K yellow gold,,,,,,/content/dam/rcq/car/10/99/79/1/1099791.png
 B3040400,necklaces,Symbols necklace,1580.0,1580.0,"pink gold, diamonds",C Heart of Cartier necklace, extra-small model, 18K pink gold, set with a brilliant-cut diamond of 0.01 carat.,,,,/content/dam/rcq/car/13/61/32/2/1361322.png
 B7221600,necklaces,Symbols necklace,1690.0,1690.0,"white gold, diamond",C Heart of Cartier pendant, extra-small model, 18K white gold set with a brilliant-cut diamond of 0.01 carat.,,,,,/content/dam/rcq/car/13/61/38/8/1361388.png
 B7221700,necklaces,Symbols necklace,2440.0,2440.0,"white gold, diamonds",Cross necklace, 18K white gold, set with 11 brilliant-cut diamonds totaling 0.13 carat.,,,,,/content/dam/rcq/car/13/61/38/9/1361389.png
 B3153118,necklaces,Hearts and Symbols pendant,2810.0,2810.0,"pink gold, diamonds",Hand of Fatima necklace, 18K pink gold, set with 14 brilliant-cut diamonds totaling 0.17 carats,,,,,/content/dam/rcq/car/16/22/65/4/1622654.png
 B3153119,necklaces,Hearts and Symbols pendant,3050.0,3050.0,"white gold, diamond",Hand of Fatima necklace, 18K white gold, set with 14 brilliant-cut diamonds totaling 0.17 carats,,,,,/content/dam/rcq/car/16/22/65/5/1622655.png
 B3153116,necklaces,Hearts and Symbols pendant,2490.0,2490.0,"pink gold, diamonds",Etoile necklace, 18K pink gold, set with 12 brilliant-cut diamonds totaling 0.15 carats.,,,,,/content/dam/rcq/car/16/22/65/2/1622652.png
 B3153117,necklaces,Hearts and Symbols pendant,2670.0,2670.0,"white gold, diamonds",Etoile necklace, 18K white gold, set with 12 brilliant-cut diamonds totaling 0.15 carats.,,,,,/content/dam/rcq/car/16/22/65/3/1622653.png
 N7424284,necklaces,Pluie de Cartier necklace,9950.0,9950.0,"white gold, diamonds",Pluie de Cartier necklace, 18K white gold, set with 17 brilliant-cut diamonds totaling 0.96 carat.,,,,,/content/dam/rcq/car/16/43/53/6/1643536.png
 N7424312,necklaces,Clash de Cartier necklace Diamonds,6250.0,6250.0,"pink gold, diamonds",Clash de Cartier necklace, 18K pink gold, set with 10 brilliant-cut diamonds totaling 0.29 carats. Pendant size: 37mm. Width: 6.8mm. Adjustable chain length: 38-41cm,,,,,/content/dam/rcq/car/18/09/16/3/1809163.png
 B7224744,necklaces,Clash de Cartier necklace Small Model,2370.0,2370.0,pink gold,Clash de Cartier necklace, small model, 18K pink gold. Pendant size: 41.5mm. Width: 6.4mm. Adjustable chain length: 38-41cm,,,,,/content/dam/rcq/car/18/12/44/5/1812445.png
 B7224745,necklaces,Clash de Cartier necklace Medium Model,3500.0,3500.0,pink gold,Clash de Cartier necklace, medium model, 18K pink gold. Pendant size: 44mm. Width: 8mm. Adjustable chain length: 38-41cm,,,,,/content/dam/rcq/car/18/12/44/7/1812447.png
 B8301238,earrings,"Amulette de Cartier earrings, XS model",2910.0,2910.0,"yellow gold, white mother-of-pearl, diamonds",Amulette de Cartier earrings, XS model, 18K yellow gold, white mother-of-pearl, set with 2 brilliant-cut diamonds totaling 0.05 carats. Diameter of motifs: 12 mm.,,,/content/dam/rcq/car/10/88/81/5/1088815.png
 B8301230,earrings,"Amulette de Cartier earrings, XS model",4150.0,4150.0,"pink gold, onyx, diamonds",Amulette de Cartier earrings, XS model, 18K pink gold, onyx, set with 4 brilliant-cut diamonds totaling 0.14 carats. Diameter of motifs: 12 mm.,,,/content/dam/rcq/car/10/54/04/5/1054045.png
 B8301239,earrings,"Amulette de Cartier earrings, XS model",2910.0,2910.0,"pink gold, onyx, diamonds",Amulette de Cartier earrings, XS model, 18K pink gold, onyx, set with 2 brilliant-cut diamonds totaling 0.05 carats. Diameter of motifs: 12 mm.,,,/content/dam/rcq/car/10/88/81/6/1088816.png
 B8301229,earrings,"Amulette de Cartier earrings, XS model",4150.0,4150.0,"yellow gold, white mother-of-pearl, diamonds",Amulette de Cartier earrings, XS model, 18K yellow gold, white mother-of-pearl, set with 4 brilliant-cut diamonds totaling 0.14 carats. Diameter of motifs: 12 mm.,,,/content/dam/rcq/car/10/54/04/4/1054044.png
 B8301251,earrings,"Amulette de Cartier earrings, XS model",6700.0,6700.0,"pink gold, onyx, white mother-of-pearl, diamond",Amulette de Cartier earrings, extra-small model, 18K pink gold, onyx, white mother-of-pearl, each set with 2 brilliant-cut diamond totaling 0.11 carat. Motif diameter: 12 mm.,,/content/dam/rcq/car/14/37/79/8/1437798.png
 B8301421,earrings,Love single earring,500.0,500.0,yellow gold,Love single earring, 18K yellow gold. Diameter 6 mm. Sold individually.,,,,,,/content/dam/rcq/car/19/35/83/4/1935834.png
 B8301422,earrings,Love single earring,810.0,810.0,pink gold,Love single earring, 18K pink gold. Diameter 12mm. Sold individually.,,,,,,/content/dam/rcq/car/19/43/67/2/1943672.png
 B8301254,earrings,Love earrings,1370.0,1370.0,pink gold,Love earrings, 18K rose gold. Inner diameter 7.2mm.,,,,,,/content/dam/rcq/car/15/33/26/2/1533262.png
 B8301255,earrings,Love earrings,1370.0,1370.0,yellow gold,Love earrings, 18K yellow gold. Inner diameter 7.2mm.,,,,,,/content/dam/rcq/car/15/33/26/3/1533263.png
 B8301256,earrings,Love earrings,1470.0,1470.0,white gold,Love earrings, 18K white gold. Inner diameter 7.2mm.,,,,,,/content/dam/rcq/car/15/33/26/4/1533264.png
 B8301424,earrings,Love single earring,1750.0,1750.0,"white gold, diamond",Love earring, 18K white gold, set with 12 brilliant-cut diamonds totaling 0.05 carat. Diameter: 12 mm. Sold individually.,,,,,/content/dam/rcq/car/19/43/67/0/1943670.png
 B8028800,earrings,Love earrings,1770.0,1770.0,yellow gold,Love earrings, 18K yellow gold. Width: 2.65mm. Inner diameter 10mm.,,,,,,/content/dam/rcq/car/15/28/58/1/1528581.png
 B8029000,earrings,Love earrings,1770.0,1770.0,pink gold,Love earrings, 18K rose gold. Width: 2.65mm. Inner diameter 10mm.,,,,,,/content/dam/rcq/car/15/42/68/1/1542681.png
 B8028900,earrings,Love earrings,1890.0,1890.0,white gold,Love earrings, 18K white gold. Width: 2.65mm. Inner diameter 10mm.,,,,,,/content/dam/rcq/car/15/42/67/1/1542671.png
 B8022500,earrings,Love earrings,3150.0,3150.0,yellow gold,Love earrings, 18K yellow gold. Width: 5.7mm.,,,,,,/content/dam/rcq/car/15/42/57/1/1542571.png
 B8028200,earrings,Love earrings,3750.0,3750.0,yellow gold,Love earrings, 18K yellow gold. Width: 3.6mm. Inner diameter 32.6mm.,,,,,,/content/dam/rcq/car/58/46/37/584637.png
 B8028300,earrings,Love earrings,4000.0,4000.0,white gold,Love earrings, 18K white gold. Width: 3.6mm. Inner diameter 32.6mm.,,,,,,/content/dam/rcq/car/58/98/05/589805.png
 B8301433,earrings,Love earrings,4050.0,4050.0,"pink gold, diamond",Love earrings, 18K pink gold, each set with 3 brilliant-cut diamonds totaling 0.13 carat.,,,,,/content/dam/rcq/car/20/27/79/6/2027796.png
 B8022900,earrings,"Love earrings, 2 diamonds",4650.0,4650.0,"yellow gold, diamonds",Love earrings, 18K yellow gold, each set with 1 brilliant-cut diamond totaling 0.07 carats. Width: 5.7mm.,,,,,/content/dam/rcq/car/10/32/57/2/1032572.png
 B8301218,earrings,Love earrings,4650.0,4650.0,"pink gold, diamonds",Love earrings, 18K rose gold, each set with 1 brilliant-cut diamonds totaling 0.07 carats. Width: 5.7mm.,,,,,/content/dam/rcq/car/10/32/57/4/1032574.png
 B8022800,earrings,"Love earrings, 2 diamonds",5000.0,5000.0,"white gold, diamonds",Love earrings, 18K white gold, each set with 1 brilliant-cut diamond totaling 0.07 carats. Width: 5.7mm.,,,,,/content/dam/rcq/car/10/32/57/0/1032570.png
 B8301423,earrings,Love single earring,810.0,810.0,yellow gold,Love single earring, 18K yellow gold. Diameter 12mm. Sold individually.,,,,,,/content/dam/rcq/car/19/43/66/9/1943669.png
 B8033100,earrings,Caresse d’Orchidées par Cartier earrings,3300.0,3300.0,"pink gold, diamonds",Caresse d'Orchidées par Cartier earrings, small model, 18K pink gold, each set with 1 brilliant-cut diamond of 0.01 carat.,,,,/content/dam/rcq/car/15/42/87/8/1542878.png
 B8301257,earrings,Cactus de Cartier earrings,5550.0,5550.0,"yellow gold, diamonds",Cactus de Cartier earrings, 18K yellow gold, set with 4 brilliant-cut diamonds totaling 0.07 carats.,,,,,/content/dam/rcq/car/16/49/53/2/1649532.png
 B8043200,earrings,Trinity earrings,2040.0,2040.0,"white gold, yellow gold, pink gold, diamonds",Trinity earrings, 18K white gold, 18K rose gold, 18K yellow gold, each set with 1 brilliant-cut diamonds totaling 0.04 carats. Inner diameter 7.3mm.,,,/content/dam/rcq/car/15/42/75/0/1542750.png
 80083231,earrings,Trinity earrings,2300.0,2300.0,"white gold, yellow gold, pink gold",Trinity earrings, 18K white gold, 18K rose gold, 18K yellow gold. Width: 3.3mm. Inner diameter 13.2mm.,,,,/content/dam/rcq/car/15/42/71/1/1542711.png
 B8031700,earrings,Trinity earrings,5600.0,5600.0,"white gold, yellow gold, pink gold, diamonds",Trinity earrings, 18K white gold, 18K pink gold, 18K yellow gold, each set with 6 brilliant-cut diamonds totaling 0.08 carat.,,,/content/dam/rcq/car/58/76/99/587699.png
 B8045300,earrings,Trinity earrings,5900.0,5900.0,"white gold, yellow gold, pink gold, diamonds",Trinity earrings, 18K white gold, 18K rose gold, 18K yellow gold, set 1 brilliant-cut diamonds totaling 0.18 carats. Inner diameter 5.3mm.,,,/content/dam/rcq/car/58/45/28/584528.png
 B8017100,earrings,Trinity earrings,1250.0,1250.0,"white gold, yellow gold, pink gold",Trinity earrings, 18K white gold, 18K rose gold, 18K yellow gold. Inner diameter 10mm.,,,,/content/dam/rcq/car/15/42/73/3/1542733.png
 B8301224,earrings,Trinity earrings,8500.0,8500.0,"white gold, diamonds, ceramic",Trinity earrings, 18K white gold, black ceramic, set with 28 brilliant-cut diamonds totaling 0.43 carats.,,,,/content/dam/rcq/car/91/73/69/917369.png
 N8515101,earrings,Etincelle de Cartier earrings,7000.0,7000.0,"white gold, diamonds",Etincelle de Cartier earrings, 18K white gold, each set with 6 brilliant-cut diamonds totaling 0.26 carats.,,,,,/content/dam/rcq/car/14/37/86/6/1437866.png
 B8301215,earrings,Diamants Légers earrings XS,1060.0,1060.0,"yellow gold, diamonds",Diamants Légers earrings, 18K yellow gold, each set with a brilliant-cut diamond of 0.04 carats.,,,,,/content/dam/rcq/car/78/92/32/789232.png
 B8301213,earrings,Diamants Légers earrings XS,1140.0,1140.0,"white gold, diamonds",Diamants Légers earrings, 18K white gold, each set with a brilliant-cut diamond of 0.04 carats.,,,,,/content/dam/rcq/car/78/92/28/789228.png
 B8043400,earrings,Saphirs Légers de Cartier earrings,1420.0,1420.0,"pink gold, pink sapphires",Saphirs Légers de Cartier earrings, 18K pink gold, each set with a pink sapphire.,,,,,/content/dam/rcq/car/58/44/51/584451.png
 B8301405,earrings,Diamants Légers earrings,1840.0,1840.0,"yellow gold, diamonds",Diamants Légers earrings, 18K yellow gold, each set with a brilliant-cut diamond totaling 0.18 carat.,,,,,/content/dam/rcq/car/78/92/32/789232.png
 B8301406,earrings,Diamants Légers earrings,1840.0,1840.0,"pink gold, diamonds",Diamants Légers earrings, 18K pink gold, each set with a brilliant-cut diamond totaling 0.18 carat.,,,,,/content/dam/rcq/car/78/92/30/789230.png
 B8301407,earrings,Diamants Légers earrings,1980.0,1980.0,"white gold, diamonds",Diamants Légers earrings, 18K white gold, each set with a brilliant-cut diamond totaling 0.09 carat.,,,,,/content/dam/rcq/car/78/92/28/789228.png
 B8041500,earrings,"Diamants Légers earrings, MM",2750.0,2750.0,"pink gold, diamonds",Diamants Légers earrings, 18K pink gold, each set with a brilliant-cut diamond totaling 0.26 carat.,,,,,/content/dam/rcq/car/59/11/06/591106.png
 B8041600,earrings,"Diamants Légers earrings, MM",2750.0,2750.0,"yellow gold, diamonds",Diamants Légers earrings, 18K yellow gold, each set with a brilliant-cut diamond of 0.26 carat.,,,,,/content/dam/rcq/car/15/43/09/3/1543093.png
 B8041400,earrings,"Diamants Légers earrings, MM",2940.0,2940.0,"white gold, diamonds",Diamants Légers earrings, 18K white gold, each set with a brilliant-cut diamond of 0.26 carat.,,,,,/content/dam/rcq/car/15/43/07/5/1543075.png
 B8301244,earrings,Etincelle de Cartier earrings,3350.0,3350.0,"pink gold, diamonds",Etincelle de Cartier hoop earrings, small model, 18K pink gold, each set with 19 brilliant-cut diamonds totaling 0.13 carats.,,,,/content/dam/rcq/car/14/37/74/3/1437743.png
 B8301245,earrings,Etincelle de Cartier earrings,3350.0,3350.0,"yellow gold, diamonds",Etincelle de Cartier hoop earrings, small model, 18K yellow gold, each set with 19 brilliant-cut diamonds totaling 0.13 carats.,,,,/content/dam/rcq/car/14/37/74/4/1437744.png
 B8301226,earrings,"Etincelle de Cartier earrings, small model",3550.0,3550.0,"white gold, diamonds",Etincelle de Cartier hoop earrings, small model, 18K white gold, each set with 19 brilliant-cut diamonds totaling 0.13 carats.,,,,/content/dam/rcq/car/10/54/81/8/1054818.png
 B8301246,earrings,Etincelle de Cartier earrings,7350.0,7350.0,"pink gold, diamonds",Etincelle de Cartier hoop earrings, medium model, 18K pink gold, each set with 37 brilliant-cut diamonds totaling 0.33 carats.,,,,/content/dam/rcq/car/16/21/14/4/1621144.png
 B8301247,earrings,Etincelle de Cartier earrings,7350.0,7350.0,"yellow gold, diamonds",Etincelle de Cartier hoop earrings, medium model, 18K yellow gold, each set with 37 brilliant-cut diamonds totaling 0.33 carats.,,,,/content/dam/rcq/car/14/37/74/6/1437746.png
 B8301227,earrings,"Etincelle de Cartier earrings, medium model",7850.0,7850.0,"white gold, diamonds",Etincelle de Cartier hoop earrings, medium model, 18K white gold, each set with 37 brilliant-cut diamonds totaling 0.33 carats.,,,,/content/dam/rcq/car/10/54/82/0/1054820.png
 N8515102,earrings,Etincelle de Cartier earrings,9300.0,9300.0,"pink gold, diamonds",Etincelle de Cartier earrings, 18K pink gold, each set with 12 brilliant-cut diamonds totaling 0.45 carats.,,,,,/content/dam/rcq/car/14/37/86/7/1437867.png
 B8043100,earrings,"Etincelle de Cartier earrings, small model",9600.0,9600.0,"white gold, diamonds",Étincelle de Cartier earrings, small model, 18K white gold, each set with 46 diamonds totaling 0.36 carats.,,,,/content/dam/rcq/car/59/17/10/591710.png
 N8515103,earrings,Etincelle de Cartier earrings,9950.0,9950.0,"white gold, diamonds",Etincelle de Cartier earrings, 18K white gold, each set with 12 brilliant-cut diamonds totaling 0.45 carats.,,,,,/content/dam/rcq/car/14/37/86/8/1437868.png
 B8301214,earrings,Diamants Légers earrings XS,1060.0,1060.0,"pink gold, diamonds",Diamants Légers earrings, 18K pink gold, each set with a brilliant-cut diamond of 0.04 carats.,,,,,/content/dam/rcq/car/78/92/30/789230.png
 B8041700,earrings,C de Cartier earrings,2080.0,2080.0,"pink gold, pearl",C de Cartier earrings, 18K pink gold, each set with an Akoya pearl.,,,,,/content/dam/rcq/car/15/43/35/7/1543357.png
 B8041800,earrings,C de Cartier earrings,2220.0,2220.0,"white gold, pearl",C de Cartier earrings, 18K white gold, each set with an Akoya cultured pearl.,,,,,/content/dam/rcq/car/15/43/36/5/1543365.png
 B8301428,earrings,Juste un Clou single earring,810.0,810.0,yellow gold,Juste un Clou single earring, 18K yellow gold. Diameter 12.45 mm. Sold individually.,,,,,,/content/dam/rcq/car/19/09/75/5/1909755.png
 B8301234,earrings,Juste un Clou earrings,2620.0,2620.0,pink gold,Juste un Clou hoop earrings, 18K rose gold. Width: 1.8mm. Inner diameter 12.75mm.,,,,,,/content/dam/rcq/car/15/28/50/3/1528503.png
 B8301235,earrings,Juste un Clou earrings,2620.0,2620.0,yellow gold,Juste un Clou hoop earrings, 18K yellow gold. Width: 1.8mm. Inner diameter 12.75mm.,,,,,,/content/dam/rcq/car/15/28/50/5/1528505.png
 B8301236,earrings,Juste un Clou earrings,2800.0,2800.0,white gold,Juste un Clou hoop earrings, 18K white gold. Width: 1.8mm. Inner diameter 12.75mm.,,,,,,/content/dam/rcq/car/15/28/50/7/1528507.png
 B8301211,earrings,Juste un Clou earrings,4600.0,4600.0,pink gold,Juste un Clou earrings, 18K rose gold. Width: 1.8mm. Inner diameter 40mm.,,,,,,/content/dam/rcq/car/15/28/49/6/1528496.png
 B8301212,earrings,Juste un Clou earrings,7000.0,7000.0,"pink gold, diamonds",Juste un Clou earrings, 18K pink gold, set with 28 brilliant-cut diamonds totaling 0.17 carats. Width: 1.8mm. Inner diameter 40mm.,,,,,/content/dam/rcq/car/15/28/49/8/1528498.png
 B8301225,earrings,Juste un Clou earrings,7000.0,7000.0,"yellow gold, diamonds",Juste un Clou earrings, 18K yellow gold, set with 28 brilliant-cut diamonds totaling 0.17 carats. Width: 1.8mm. Inner diameter 40mm.,,,,,/content/dam/rcq/car/15/28/50/1/1528501.png
 B8301408,earrings,Ecrou de Cartier earrings,5000.0,5000.0,pink gold,Ecrou de Cartier earrings, 18K pink gold.,,,,,,/content/dam/rcq/car/16/83/06/2/1683062.png
 B8301416,earrings,Clash de Cartier earrings Small Model,7500.0,7500.0,pink gold,Clash de Cartier earrings, small model, 18K pink gold. Width: 6.4mm. Inner diameter: 37.8mm,,,,,/content/dam/rcq/car/19/15/81/7/1915817.png
 B8301415,earrings,Clash de Cartier earrings Small Model,3900.0,3900.0,pink gold,Clash de Cartier earrings, small model, 18K pink gold. Width: 6.4mm. Inner diameter: 16.2mm,,,,,/content/dam/rcq/car/19/15/81/5/1915815.png
